"country","year","gdp_per_capita_nominal","country_full"
"DZA",2012,6057.974,"Algeria"
"DZA",2013,5997.896,"Algeria"
"DZA",2014,6108.878,"Algeria"
"DZA",2015,4691.686,"Algeria"
"DZA",2016,4426.58,"Algeria"
"DZA",2017,4554.15,"Algeria"
"DZA",2018,4568.244,"Algeria"
"DZA",2019,4452.856,"Algeria"
"DZA",2020,3757.585,"Algeria"
"DZA",2021,4169.984,"Algeria"
"DZA",2022,4981.822,"Algeria"
"DZA",2023,5221.813,"Algeria"
"DZA",2024,5579.128,"Algeria"
"DZA",2025,5592.852,"Algeria"
"AGO",2012,5699.986,"Angola"
"AGO",2013,5880.641,"Angola"
"AGO",2014,6061.865,"Angola"
"AGO",2015,4680.829,"Angola"
"AGO",2016,3936.361,"Angola"
"AGO",2017,4628.964,"Angola"
"AGO",2018,3651.304,"Angola"
"AGO",2019,2926.143,"Angola"
"AGO",2020,1989.939,"Angola"
"AGO",2021,2445.388,"Angola"
"AGO",2022,3974.666,"Angola"
"AGO",2023,2967.384,"Angola"
"AGO",2024,2961.34,"Angola"
"BEN",2012,1113.274,"Benin"
"BEN",2013,1214.313,"Benin"
"BEN",2014,1251.827,"Benin"
"BEN",2015,1041.758,"Benin"
"BEN",2016,1049.531,"Benin"
"BEN",2017,1094.888,"Benin"
"BEN",2018,1194.023,"Benin"
"BEN",2019,1171.015,"Benin"
"BEN",2020,1239.74,"Benin"
"BEN",2021,1361.816,"Benin"
"BEN",2022,1306.021,"Benin"
"BEN",2023,1433.067,"Benin"
"BEN",2024,1510.188,"Benin"
"BEN",2025,1586.803,"Benin"
"BWA",2012,6392.987,"Botswana"
"BWA",2013,6436.603,"Botswana"
"BWA",2014,6844.033,"Botswana"
"BWA",2015,5869.738,"Botswana"
"BWA",2016,6411.552,"Botswana"
"BWA",2017,6705.341,"Botswana"
"BWA",2018,6947.818,"Botswana"
"BWA",2019,6679.188,"Botswana"
"BWA",2020,5863.182,"Botswana"
"BWA",2021,7244.158,"Botswana"
"BWA",2022,7726.111,"Botswana"
"BWA",2023,7249.918,"Botswana"
"BWA",2024,7341.129,"Botswana"
"BWA",2025,8002.978,"Botswana"
"BFA",2012,734.438,"Burkina Faso"
"BFA",2013,762.315,"Burkina Faso"
"BFA",2014,767.569,"Burkina Faso"
"BFA",2015,632.191,"Burkina Faso"
"BFA",2016,665.575,"Burkina Faso"
"BFA",2017,710.541,"Burkina Faso"
"BFA",2018,780.482,"Burkina Faso"
"BFA",2019,765.132,"Burkina Faso"
"BFA",2020,824.248,"Burkina Faso"
"BFA",2021,887.527,"Burkina Faso"
"BFA",2022,830.449,"Burkina Faso"
"BFA",2023,866.587,"Burkina Faso"
"BFA",2024,908.372,"Burkina Faso"
"BFA",2025,952.484,"Burkina Faso"
"BDI",2012,250.118,"Burundi"
"BDI",2013,255.319,"Burundi"
"BDI",2014,273.133,"Burundi"
"BDI",2015,304.243,"Burundi"
"BDI",2016,281.062,"Burundi"
"BDI",2017,291.859,"Burundi"
"BDI",2018,271.289,"Burundi"
"BDI",2019,261.294,"Burundi"
"BDI",2020,259.906,"Burundi"
"BDI",2021,273.956,"Burundi"
"BDI",2022,310.952,"Burundi"
"BDI",2023,326.842,"Burundi"
"BDI",2024,320.636,"Burundi"
"BDI",2025,156.497,"Burundi"
"CPV",2012,3958.495,"Cape Verde"
"CPV",2013,4174.748,"Cape Verde"
"CPV",2016,3759.98,"Cape Verde"
"CPV",2019,4465.52,"Cape Verde"
"CPV",2023,5083.19,"Cape Verde"
"CMR",2012,1404.412,"Cameroon"
"CMR",2013,1527.773,"Cameroon"
"CMR",2014,1604.627,"Cameroon"
"CMR",2015,1382.65,"Cameroon"
"CMR",2016,1412.866,"Cameroon"
"CMR",2017,1468.929,"Cameroon"
"CMR",2018,1585.96,"Cameroon"
"CMR",2019,1533.161,"Cameroon"
"CMR",2020,1539.354,"Cameroon"
"CMR",2021,1654.245,"Cameroon"
"CMR",2022,1592.262,"Cameroon"
"CMR",2023,1722.821,"Cameroon"
"CMR",2024,1821.317,"Cameroon"
"CMR",2025,1922.852,"Cameroon"
"CAF",2012,544.728,"Central African Republic"
"CAF",2013,364.378,"Central African Republic"
"CAF",2014,410.048,"Central African Republic"
"CAF",2015,366.36,"Central African Republic"
"CAF",2016,387.069,"Central African Republic"
"CAF",2017,432.172,"Central African Republic"
"CAF",2018,467.282,"Central African Republic"
"CAF",2019,460.794,"Central African Republic"
"CAF",2020,475.188,"Central African Republic"
"CAF",2021,505.678,"Central African Republic"
"CAF",2022,482.523,"Central African Republic"
"CAF",2023,510.568,"Central African Republic"
"CAF",2024,529.492,"Central African Republic"
"CAF",2025,548.832,"Central African Republic"
"TCD",2012,1265.051,"Chad"
"TCD",2013,1279.847,"Chad"
"TCD",2014,1332.915,"Chad"
"TCD",2015,1028.116,"Chad"
"TCD",2016,920.198,"Chad"
"TCD",2017,888.615,"Chad"
"TCD",2018,990.693,"Chad"
"TCD",2019,935.428,"Chad"
"TCD",2020,889.735,"Chad"
"TCD",2021,941.934,"Chad"
"TCD",2022,933.778,"Chad"
"TCD",2023,982.381,"Chad"
"TCD",2024,1012.651,"Chad"
"TCD",2025,1036.155,"Chad"
"COM",2012,1484.891,"Comoros"
"COM",2013,1596.013,"Comoros"
"COM",2015,1323.072,"Comoros"
"COM",2016,1356.892,"Comoros"
"COM",2017,1414.088,"Comoros"
"COM",2018,1518.8,"Comoros"
"COM",2019,1501.981,"Comoros"
"COM",2020,1510.592,"Comoros"
"COM",2021,1549.471,"Comoros"
"COM",2022,1439.616,"Comoros"
"COM",2023,1540.685,"Comoros"
"COM",2024,1629.863,"Comoros"
"COM",2025,1687.17,"Comoros"
"COG",2012,3756.238,"Congo - Brazzaville"
"COG",2013,3719.705,"Congo - Brazzaville"
"COG",2014,3623.464,"Congo - Brazzaville"
"COG",2015,2348.056,"Congo - Brazzaville"
"COG",2016,2106.937,"Congo - Brazzaville"
"COG",2017,2226.946,"Congo - Brazzaville"
"COG",2018,2716.492,"Congo - Brazzaville"
"COG",2019,2509.047,"Congo - Brazzaville"
"COG",2020,2014.193,"Congo - Brazzaville"
"COG",2021,2293.987,"Congo - Brazzaville"
"COG",2022,2339.437,"Congo - Brazzaville"
"COG",2023,2308.52,"Congo - Brazzaville"
"COG",2024,2384.399,"Congo - Brazzaville"
"COG",2025,2454.478,"Congo - Brazzaville"
"CIV",2012,1623.908,"Côte d’Ivoire"
"CIV",2013,1843.024,"Côte d’Ivoire"
"CIV",2014,2026.153,"Côte d’Ivoire"
"CIV",2015,1846.22,"Côte d’Ivoire"
"CIV",2016,1896.474,"Côte d’Ivoire"
"CIV",2017,2000.09,"Côte d’Ivoire"
"CIV",2018,2167.041,"Côte d’Ivoire"
"CIV",2019,2173.778,"Côte d’Ivoire"
"CIV",2020,2209.109,"Côte d’Ivoire"
"CIV",2021,2478.224,"Côte d’Ivoire"
"CIV",2022,2326.334,"Côte d’Ivoire"
"CIV",2023,2537.065,"Côte d’Ivoire"
"CIV",2024,2719.971,"Côte d’Ivoire"
"CIV",2025,2901.813,"Côte d’Ivoire"
"GNQ",2012,21570.068,"Equatorial Guinea"
"GNQ",2013,20253.043,"Equatorial Guinea"
"GNQ",2014,19276.253,"Equatorial Guinea"
"GNQ",2015,11219.121,"Equatorial Guinea"
"GNQ",2016,9200,"Equatorial Guinea"
"GNQ",2017,9621.136,"Equatorial Guinea"
"GNQ",2018,10129.619,"Equatorial Guinea"
"GNQ",2019,8355.696,"Equatorial Guinea"
"GNQ",2020,7045.629,"Equatorial Guinea"
"GNQ",2021,8415.533,"Equatorial Guinea"
"GNQ",2022,9020.808,"Equatorial Guinea"
"GNQ",2023,7755.011,"Equatorial Guinea"
"GNQ",2024,8101.698,"Equatorial Guinea"
"GNQ",2025,7892.898,"Equatorial Guinea"
"ERI",2012,693.804,"Eritrea"
"ERI",2013,596.754,"Eritrea"
"ERI",2014,786.54,"Eritrea"
"ERI",2015,603.193,"Eritrea"
"ERI",2016,655.424,"Eritrea"
"ERI",2017,557.857,"Eritrea"
"ERI",2018,580.845,"Eritrea"
"ERI",2019,566.731,"Eritrea"
"SWZ",2012,4628.132,"Eswatini"
"SWZ",2013,4325.841,"Eswatini"
"SWZ",2014,4133.645,"Eswatini"
"SWZ",2015,3766.458,"Eswatini"
"SWZ",2016,3513.8,"Eswatini"
"SWZ",2017,4031.056,"Eswatini"
"SWZ",2018,4226.975,"Eswatini"
"SWZ",2019,4031.719,"Eswatini"
"SWZ",2020,3535.09,"Eswatini"
"SWZ",2021,4259.206,"Eswatini"
"SWZ",2022,4161.741,"Eswatini"
"SWZ",2023,4173.577,"Eswatini"
"SWZ",2024,4375.286,"Eswatini"
"SWZ",2025,4561.871,"Eswatini"
"ETH",2012,510.537,"Ethiopia"
"ETH",2013,548.869,"Ethiopia"
"ETH",2014,622.592,"Ethiopia"
"ETH",2015,707.975,"Ethiopia"
"ETH",2016,790.789,"Ethiopia"
"ETH",2017,822.704,"Ethiopia"
"ETH",2018,839.861,"Ethiopia"
"ETH",2019,948.851,"Ethiopia"
"ETH",2020,969.014,"Ethiopia"
"ETH",2021,974.185,"Ethiopia"
"ETH",2022,1143.024,"Ethiopia"
"ETH",2023,1511.217,"Ethiopia"
"ETH",2024,1350.401,"Ethiopia"
"ETH",2025,1108.105,"Ethiopia"
"GAB",2012,9903.41,"Gabon"
"GAB",2013,9760.747,"Gabon"
"GAB",2014,9746.786,"Gabon"
"GAB",2015,7453.114,"Gabon"
"GAB",2016,7082.218,"Gabon"
"GAB",2017,7370.349,"Gabon"
"GAB",2018,8198.56,"Gabon"
"GAB",2019,8111.318,"Gabon"
"GAB",2020,7289.442,"Gabon"
"GAB",2021,9113.798,"Gabon"
"GAB",2022,9478.236,"Gabon"
"GAB",2023,9079.278,"Gabon"
"GAB",2024,9256.657,"Gabon"
"GAB",2025,9094.46,"Gabon"
"GMB",2012,742.78,"Gambia"
"GMB",2013,700.515,"Gambia"
"GMB",2014,607.429,"Gambia"
"GMB",2015,649.511,"Gambia"
"GMB",2016,683.998,"Gambia"
"GMB",2017,676.656,"Gambia"
"GMB",2018,729.035,"Gambia"
"GMB",2019,768.921,"Gambia"
"GMB",2020,747.886,"Gambia"
"GMB",2021,820.584,"Gambia"
"GMB",2022,841.947,"Gambia"
"GMB",2023,892.989,"Gambia"
"GMB",2024,988.881,"Gambia"
"GMB",2025,1074.431,"Gambia"
"GHA",2012,2197.908,"Ghana"
"GHA",2013,2405.768,"Ghana"
"GHA",2014,2008.586,"Ghana"
"GHA",2015,1784.248,"Ghana"
"GHA",2016,1982.239,"Ghana"
"GHA",2017,2086.598,"Ghana"
"GHA",2018,2276.264,"Ghana"
"GHA",2019,2265.705,"Ghana"
"GHA",2020,2274.469,"Ghana"
"GHA",2021,2535.468,"Ghana"
"GHA",2022,2305.225,"Ghana"
"GHA",2023,2322.121,"Ghana"
"GHA",2024,2231.793,"Ghana"
"GHA",2025,2189.284,"Ghana"
"GIN",2012,645.096,"Guinea"
"GIN",2013,713.128,"Guinea"
"GIN",2014,728.729,"Guinea"
"GIN",2015,712.025,"Guinea"
"GIN",2016,679.964,"Guinea"
"GIN",2017,796.038,"Guinea"
"GIN",2018,891.887,"Guinea"
"GIN",2019,986.528,"Guinea"
"GIN",2020,1008.687,"Guinea"
"GIN",2021,1139.967,"Guinea"
"GIN",2022,1334.939,"Guinea"
"GIN",2023,1529.46,"Guinea"
"GIN",2024,1652.312,"Guinea"
"GIN",2025,1727.219,"Guinea"
"GNB",2012,688.497,"Guinea-Bissau"
"GNB",2014,712.826,"Guinea-Bissau"
"GNB",2022,907.623,"Guinea-Bissau"
"GNB",2023,1035.294,"Guinea-Bissau"
"GNB",2024,1106.242,"Guinea-Bissau"
"GNB",2025,1166.355,"Guinea-Bissau"
"KEN",2012,1396.22,"Kenya"
"KEN",2013,1490.422,"Kenya"
"KEN",2014,1613.101,"Kenya"
"KEN",2015,1625.176,"Kenya"
"KEN",2016,1688.852,"Kenya"
"KEN",2017,1805.398,"Kenya"
"KEN",2018,1987.302,"Kenya"
"KEN",2019,2107.735,"Kenya"
"KEN",2020,2067.987,"Kenya"
"KEN",2021,2208.691,"Kenya"
"KEN",2022,2265.658,"Kenya"
"KEN",2023,2110,"Kenya"
"KEN",2024,2218.025,"Kenya"
"KEN",2025,2186.578,"Kenya"
"LSO",2012,1261.443,"Lesotho"
"LSO",2013,1191.994,"Lesotho"
"LSO",2014,1250.627,"Lesotho"
"LSO",2015,1104.543,"Lesotho"
"LSO",2016,1099.146,"Lesotho"
"LSO",2017,1199.628,"Lesotho"
"LSO",2018,1215.317,"Lesotho"
"LSO",2019,1134.4,"Lesotho"
"LSO",2020,1014.795,"Lesotho"
"LSO",2021,1162.787,"Lesotho"
"LSO",2022,1073.483,"Lesotho"
"LSO",2023,1034.246,"Lesotho"
"LSO",2024,1061.813,"Lesotho"
"LSO",2025,1106.795,"Lesotho"
"LBR",2012,646.662,"Liberia"
"LBR",2013,716.576,"Liberia"
"LBR",2014,708.816,"Liberia"
"LBR",2015,691.369,"Liberia"
"LBR",2016,709.824,"Liberia"
"LBR",2017,706.239,"Liberia"
"LBR",2018,677.356,"Liberia"
"LBR",2019,623.887,"Liberia"
"LBR",2020,600.475,"Liberia"
"LBR",2021,677.387,"Liberia"
"LBR",2022,749.187,"Liberia"
"LBR",2023,808.259,"Liberia"
"LBR",2024,855.186,"Liberia"
"LBR",2025,887.426,"Liberia"
"MDG",2012,538.541,"Madagascar"
"MDG",2013,560.939,"Madagascar"
"MDG",2014,548.905,"Madagascar"
"MDG",2015,481.807,"Madagascar"
"MDG",2016,489.439,"Madagascar"
"MDG",2017,528.379,"Madagascar"
"MDG",2018,535.948,"Madagascar"
"MDG",2019,531.75,"Madagascar"
"MDG",2020,477.375,"Madagascar"
"MDG",2021,516.529,"Madagascar"
"MDG",2022,522.583,"Madagascar"
"MDG",2023,530.466,"Madagascar"
"MDG",2024,562.585,"Madagascar"
"MDG",2025,575.742,"Madagascar"
"MWI",2012,506.3,"Malawi"
"MWI",2013,446.999,"Malawi"
"MWI",2014,484.322,"Malawi"
"MWI",2015,497.737,"Malawi"
"MWI",2016,415.016,"Malawi"
"MWI",2017,466.559,"Malawi"
"MWI",2018,501.113,"Malawi"
"MWI",2019,543.685,"Malawi"
"MWI",2020,567.59,"Malawi"
"MWI",2021,580.923,"Malawi"
"MWI",2022,567.203,"Malawi"
"MWI",2023,557.633,"Malawi"
"MWI",2024,463.733,"Malawi"
"MWI",2025,448.289,"Malawi"
"MLI",2012,753.869,"Mali"
"MLI",2013,778.808,"Mali"
"MLI",2014,818.665,"Mali"
"MLI",2015,723.581,"Mali"
"MLI",2016,749.846,"Mali"
"MLI",2017,795.387,"Mali"
"MLI",2018,856.743,"Mali"
"MLI",2019,840.211,"Mali"
"MLI",2020,831.034,"Mali"
"MLI",2021,902.852,"Mali"
"MLI",2022,809.941,"Mali"
"MLI",2023,865.599,"Mali"
"MLI",2024,898.46,"Mali"
"MLI",2025,933.147,"Mali"
"MRT",2012,1946.079,"Mauritania"
"MRT",2013,2072.492,"Mauritania"
"MRT",2014,1826.78,"Mauritania"
"MRT",2015,1668.065,"Mauritania"
"MRT",2016,1690.813,"Mauritania"
"MRT",2017,1758.542,"Mauritania"
"MRT",2018,1882.203,"Mauritania"
"MRT",2019,1945.05,"Mauritania"
"MRT",2022,2206.776,"Mauritania"
"MRT",2023,2403.679,"Mauritania"
"MRT",2024,2376.285,"Mauritania"
"MRT",2025,2393.647,"Mauritania"
"MOZ",2012,671.212,"Mozambique"
"MOZ",2013,672.832,"Mozambique"
"MOZ",2014,683.942,"Mozambique"
"MOZ",2015,599.4,"Mozambique"
"MOZ",2016,433.672,"Mozambique"
"MOZ",2017,463.005,"Mozambique"
"MOZ",2018,510.38,"Mozambique"
"MOZ",2019,512.216,"Mozambique"
"MOZ",2020,456.582,"Mozambique"
"MOZ",2021,504.038,"Mozambique"
"MOZ",2022,572.757,"Mozambique"
"MOZ",2023,618.283,"Mozambique"
"MOZ",2024,645.329,"Mozambique"
"MOZ",2025,684.966,"Mozambique"
"NAM",2012,6009.224,"Namibia"
"NAM",2013,5472.955,"Namibia"
"NAM",2014,5449.076,"Namibia"
"NAM",2015,4888.059,"Namibia"
"NAM",2016,4454.9,"Namibia"
"NAM",2017,5210.902,"Namibia"
"NAM",2018,5381.47,"Namibia"
"NAM",2019,4798.261,"Namibia"
"NAM",2020,3937.667,"Namibia"
"NAM",2021,4476.585,"Namibia"
"NAM",2022,4405.788,"Namibia"
"NAM",2023,4216.111,"Namibia"
"NAM",2024,4409.957,"Namibia"
"NAM",2025,4710.76,"Namibia"
"NGA",2012,2756.41,"Nigeria"
"NGA",2013,2998.068,"Nigeria"
"NGA",2014,3222.691,"Nigeria"
"NGA",2015,2718.586,"Nigeria"
"NGA",2016,2176.001,"Nigeria"
"NGA",2017,1968.563,"Nigeria"
"NGA",2018,2153.094,"Nigeria"
"NGA",2019,2361.108,"Nigeria"
"NGA",2020,2099.135,"Nigeria"
"NGA",2021,2089.072,"Nigeria"
"NGA",2022,2198.266,"Nigeria"
"NGA",2023,1637.468,"Nigeria"
"NGA",2024,877.073,"Nigeria"
"NGA",2025,835.488,"Nigeria"
"NGA",2012,2756.41,"Nigeria"
"NGA",2013,2998.068,"Nigeria"
"NGA",2014,3222.691,"Nigeria"
"NGA",2015,2718.586,"Nigeria"
"NGA",2016,2176.001,"Nigeria"
"NGA",2017,1968.563,"Nigeria"
"NGA",2018,2153.094,"Nigeria"
"NGA",2019,2361.108,"Nigeria"
"NGA",2020,2099.135,"Nigeria"
"NGA",2021,2089.072,"Nigeria"
"NGA",2022,2198.266,"Nigeria"
"NGA",2023,1637.468,"Nigeria"
"NGA",2024,877.073,"Nigeria"
"NGA",2025,835.488,"Nigeria"
"RWA",2012,730.185,"Rwanda"
"RWA",2013,728.395,"Rwanda"
"RWA",2014,749.269,"Rwanda"
"RWA",2015,758.834,"Rwanda"
"RWA",2016,753.876,"Rwanda"
"RWA",2017,783.521,"Rwanda"
"RWA",2018,797.2,"Rwanda"
"RWA",2019,836.286,"Rwanda"
"RWA",2020,803.456,"Rwanda"
"RWA",2021,854.139,"Rwanda"
"RWA",2022,1005.011,"Rwanda"
"RWA",2023,1044.352,"Rwanda"
"RWA",2024,985.99,"Rwanda"
"RWA",2025,990.116,"Rwanda"
"STP",2014,1545.253,"São Tomé & Príncipe"
"STP",2015,1335.729,"São Tomé & Príncipe"
"STP",2017,1594.356,"São Tomé & Príncipe"
"STP",2019,1953.567,"São Tomé & Príncipe"
"STP",2022,2404.719,"São Tomé & Príncipe"
"SEN",2012,1318.614,"Senegal"
"SEN",2013,1372.686,"Senegal"
"SEN",2014,1397.017,"Senegal"
"SEN",2015,1219.373,"Senegal"
"SEN",2016,1269.553,"Senegal"
"SEN",2017,1361.221,"Senegal"
"SEN",2018,1458.73,"Senegal"
"SEN",2019,1436.224,"Senegal"
"SEN",2020,1465.244,"Senegal"
"SEN",2021,1603.346,"Senegal"
"SEN",2022,1569.546,"Senegal"
"SEN",2023,1703.392,"Senegal"
"SEN",2024,1805.139,"Senegal"
"SEN",2025,1971.701,"Senegal"
"SYC",2017,17738.31,"Seychelles"
"SYC",2018,18602.985,"Seychelles"
"SYC",2019,19366.719,"Seychelles"
"SYC",2020,14235.574,"Seychelles"
"SLE",2012,856.045,"Sierra Leone"
"SLE",2013,981.3,"Sierra Leone"
"SLE",2014,929.266,"Sierra Leone"
"SLE",2015,941.231,"Sierra Leone"
"SLE",2016,821.872,"Sierra Leone"
"SLE",2017,776.064,"Sierra Leone"
"SLE",2018,835.315,"Sierra Leone"
"SLE",2019,834.368,"Sierra Leone"
"SLE",2020,837.636,"Sierra Leone"
"SLE",2021,859.108,"Sierra Leone"
"SLE",2022,856.815,"Sierra Leone"
"SLE",2023,754.283,"Sierra Leone"
"SLE",2024,856.315,"Sierra Leone"
"SLE",2025,883.486,"Sierra Leone"
"ZAF",2012,8185.718,"South Africa"
"ZAF",2013,7431.908,"South Africa"
"ZAF",2014,6952.314,"South Africa"
"ZAF",2015,6222.526,"South Africa"
"ZAF",2016,5721.189,"South Africa"
"ZAF",2017,6647.093,"South Africa"
"ZAF",2018,6956.41,"South Africa"
"ZAF",2019,6582.757,"South Africa"
"ZAF",2020,5630.983,"South Africa"
"ZAF",2021,6938.723,"South Africa"
"ZAF",2022,6629.419,"South Africa"
"ZAF",2023,6111.746,"South Africa"
"ZAF",2024,6377.068,"South Africa"
"ZAF",2025,6517.088,"South Africa"
"SSD",2014,1316.271,"South Sudan"
"SSD",2015,1289.835,"South Sudan"
"SSD",2016,237.024,"South Sudan"
"SSD",2017,143.342,"South Sudan"
"SSD",2018,240.32,"South Sudan"
"SSD",2019,302.262,"South Sudan"
"SSD",2020,393.589,"South Sudan"
"SSD",2021,418.969,"South Sudan"
"SSD",2022,550.861,"South Sudan"
"SSD",2023,478.118,"South Sudan"
"SSD",2024,340.986,"South Sudan"
"SSD",2025,334.14,"South Sudan"
"TGO",2012,782.049,"Togo"
"TGO",2013,847.4,"Togo"
"TGO",2014,877.419,"Togo"
"TGO",2015,770.221,"Togo"
"TGO",2016,792.222,"Togo"
"TGO",2017,813.108,"Togo"
"TGO",2018,873.964,"Togo"
"TGO",2019,848.341,"Togo"
"TGO",2020,876.511,"Togo"
"TGO",2021,964.325,"Togo"
"TGO",2022,919.575,"Togo"
"TGO",2023,1001.112,"Togo"
"TGO",2024,1051.216,"Togo"
"TGO",2025,1099.251,"Togo"
"UGA",2012,950.574,"Uganda"
"UGA",2013,964.833,"Uganda"
"UGA",2014,1008.018,"Uganda"
"UGA",2015,848.69,"Uganda"
"UGA",2016,826.904,"Uganda"
"UGA",2017,838.495,"Uganda"
"UGA",2018,879.044,"Uganda"
"UGA",2019,951.537,"Uganda"
"UGA",2020,919.329,"Uganda"
"UGA",2021,1007.258,"Uganda"
"UGA",2022,1079.393,"Uganda"
"UGA",2023,1123.325,"Uganda"
"UGA",2024,1186.529,"Uganda"
"UGA",2025,1303.888,"Uganda"
"TZA",2012,867.852,"Tanzania"
"TZA",2013,970.271,"Tanzania"
"TZA",2014,1030.316,"Tanzania"
"TZA",2015,948.688,"Tanzania"
"TZA",2016,966.292,"Tanzania"
"TZA",2017,1017.437,"Tanzania"
"TZA",2018,1001.744,"Tanzania"
"TZA",2019,1043.939,"Tanzania"
"TZA",2020,1092.613,"Tanzania"
"TZA",2021,1137.865,"Tanzania"
"TZA",2022,1205.866,"Tanzania"
"TZA",2023,1249.348,"Tanzania"
"TZA",2024,1224.368,"Tanzania"
"TZA",2025,1272.459,"Tanzania"
"ZMB",2012,1729.58,"Zambia"
"ZMB",2013,1840.665,"Zambia"
"ZMB",2014,1724.805,"Zambia"
"ZMB",2015,1307.536,"Zambia"
"ZMB",2016,1250.324,"Zambia"
"ZMB",2017,1495.751,"Zambia"
"ZMB",2018,1475.2,"Zambia"
"ZMB",2019,1268.125,"Zambia"
"ZMB",2020,958.265,"Zambia"
"ZMB",2021,1134.713,"Zambia"
"ZMB",2022,1454.826,"Zambia"
"ZMB",2023,1369.129,"Zambia"
"ZMB",2024,1226.095,"Zambia"
"ZMB",2025,1466.458,"Zambia"
"ZWE",2012,1310.354,"Zimbabwe"
"ZWE",2013,1421.549,"Zimbabwe"
"ZWE",2014,1414.992,"Zimbabwe"
"ZWE",2015,1418.306,"Zimbabwe"
"ZWE",2016,1429.829,"Zimbabwe"
"ZWE",2017,1502.576,"Zimbabwe"
"ZWE",2018,2466.78,"Zimbabwe"
"ZWE",2019,1705.022,"Zimbabwe"
"ZWE",2020,1725.017,"Zimbabwe"
"ZWE",2021,2264.653,"Zimbabwe"
"ZWE",2022,2004.28,"Zimbabwe"
"ZWE",2023,2119.318,"Zimbabwe"
"ZWE",2024,2113.811,"Zimbabwe"
"ZWE",2025,2127.493,"Zimbabwe"
"ATG",2016,16130.768,"Antigua & Barbuda"
"ATG",2018,17451.026,"Antigua & Barbuda"
"ATG",2019,17851.361,"Antigua & Barbuda"
"ATG",2025,23215.537,"Antigua & Barbuda"
"ARG",2015,14895.316,"Argentina"
"ARG",2016,12772.868,"Argentina"
"ARG",2017,14618.327,"Argentina"
"ARG",2018,11786.433,"Argentina"
"ARG",2019,9941.59,"Argentina"
"ARG",2020,8489.332,"Argentina"
"ARG",2021,10610.191,"Argentina"
"ARG",2022,13676.216,"Argentina"
"ARG",2023,13823.346,"Argentina"
"ARG",2024,12814.444,"Argentina"
"ARG",2025,12053.982,"Argentina"
"BHS",2016,31447.64,"Bahamas"
"BHS",2018,33084.566,"Bahamas"
"BHS",2019,33778.471,"Bahamas"
"BHS",2022,32897.378,"Bahamas"
"BHS",2023,35517.076,"Bahamas"
"BHS",2024,36321.503,"Bahamas"
"BHS",2025,37180.045,"Bahamas"
"BRB",2015,18605.705,"Barbados"
"BRB",2016,18704.689,"Barbados"
"BRB",2017,19310.373,"Barbados"
"BRB",2018,19654.52,"Barbados"
"BRB",2019,20156.276,"Barbados"
"BRB",2020,17951.935,"Barbados"
"BRB",2021,18276.871,"Barbados"
"BRB",2022,21624.512,"Barbados"
"BRB",2023,23167.298,"Barbados"
"BRB",2024,24758.604,"Barbados"
"BRB",2025,26227.919,"Barbados"
"BLZ",2015,6152.729,"Belize"
"BLZ",2016,6153.482,"Belize"
"BLZ",2017,6103.817,"Belize"
"BLZ",2018,6053.244,"Belize"
"BLZ",2019,6181.462,"Belize"
"BLZ",2020,5210.543,"Belize"
"BLZ",2021,6070.954,"Belize"
"BLZ",2022,7121.06,"Belize"
"BLZ",2023,7592.071,"Belize"
"BLZ",2024,8133.122,"Belize"
"BLZ",2025,8354.51,"Belize"
"BRA",2014,12230.669,"Brazil"
"BRA",2015,8893.346,"Brazil"
"BRA",2016,8812.503,"Brazil"
"BRA",2017,10055.567,"Brazil"
"BRA",2018,9281.668,"Brazil"
"BRA",2019,9010.512,"Brazil"
"BRA",2020,7057.072,"Brazil"
"BRA",2021,7951.553,"Brazil"
"BRA",2022,9256.482,"Brazil"
"BRA",2023,10267.932,"Brazil"
"BRA",2024,10296.412,"Brazil"
"BRA",2025,10815.506,"Brazil"
"CAN",2014,51025.428,"Canada"
"CAN",2015,43628.425,"Canada"
"CAN",2016,42382.499,"Canada"
"CAN",2017,45192.368,"Canada"
"CAN",2018,46617.97,"Canada"
"CAN",2019,46430.975,"Canada"
"CAN",2020,43573.195,"Canada"
"CAN",2022,55612.897,"Canada"
"CAN",2023,53607.403,"Canada"
"CAN",2024,53834.483,"Canada"
"CAN",2025,55889.665,"Canada"
"CHL",2015,13494.489,"Chile"
"CHL",2016,13722.878,"Chile"
"CHL",2017,15003.77,"Chile"
"CHL",2018,15755.003,"Chile"
"CHL",2019,14551.577,"Chile"
"CHL",2020,13056.638,"Chile"
"CHL",2021,16037.956,"Chile"
"CHL",2022,15238.627,"Chile"
"CHL",2023,16814.973,"Chile"
"CHL",2024,16365.296,"Chile"
"CHL",2025,17926.521,"Chile"
"COL",2015,6337.03,"Colombia"
"COL",2016,6037.14,"Colombia"
"COL",2017,6577.28,"Colombia"
"COL",2018,6923.64,"Colombia"
"COL",2019,6540.141,"Colombia"
"COL",2020,5363.235,"Colombia"
"COL",2021,6231.24,"Colombia"
"COL",2022,6681.732,"Colombia"
"COL",2023,6962.873,"Colombia"
"COL",2024,7917.244,"Colombia"
"COL",2025,7895.434,"Colombia"
"CRI",2015,11635.197,"Costa Rica"
"CRI",2016,11986.918,"Costa Rica"
"CRI",2017,12185.259,"Costa Rica"
"CRI",2018,12428.924,"Costa Rica"
"CRI",2019,12691.127,"Costa Rica"
"CRI",2020,12163.927,"Costa Rica"
"CRI",2021,12539.282,"Costa Rica"
"CRI",2022,13239.876,"Costa Rica"
"CRI",2023,16390.222,"Costa Rica"
"CRI",2024,17860.414,"Costa Rica"
"CRI",2025,18722.033,"Costa Rica"
"DMA",2016,8089.25,"Dominica"
"DMA",2019,8466.407,"Dominica"
"DMA",2023,8781.135,"Dominica"
"DMA",2024,9391.59,"Dominica"
"DOM",2015,7139.507,"Dominican Republic"
"DOM",2016,7521.268,"Dominican Republic"
"DOM",2017,7874.941,"Dominican Republic"
"DOM",2018,8340.961,"Dominican Republic"
"DOM",2019,8595.18,"Dominican Republic"
"DOM",2020,7553.509,"Dominican Republic"
"DOM",2021,8965.655,"Dominican Republic"
"DOM",2022,10720.515,"Dominican Republic"
"DOM",2023,11372.125,"Dominican Republic"
"DOM",2024,11692.09,"Dominican Republic"
"DOM",2025,12451.947,"Dominican Republic"
"ECU",2015,5975.078,"Ecuador"
"ECU",2016,5907.928,"Ecuador"
"ECU",2017,6220.968,"Ecuador"
"ECU",2023,6663.636,"Ecuador"
"ECU",2024,6758.373,"Ecuador"
"ECU",2025,6941.046,"Ecuador"
"SLV",2015,3761.493,"El Salvador"
"SLV",2016,3870.318,"El Salvador"
"SLV",2017,3986.02,"El Salvador"
"SLV",2018,4145.89,"El Salvador"
"SLV",2019,4280.298,"El Salvador"
"SLV",2020,3960.335,"El Salvador"
"SLV",2021,4599.656,"El Salvador"
"SLV",2022,5048.438,"El Salvador"
"SLV",2023,5344.249,"El Salvador"
"SLV",2024,5606.972,"El Salvador"
"SLV",2025,5892.503,"El Salvador"
"GRD",2015,9055.801,"Grenada"
"GRD",2016,9572.093,"Grenada"
"GRD",2017,10098.821,"Grenada"
"GRD",2018,10419.126,"Grenada"
"GRD",2019,10779.062,"Grenada"
"GRD",2020,9222.709,"Grenada"
"GRD",2022,10762.835,"Grenada"
"GRD",2023,11515.617,"Grenada"
"GRD",2024,12050.392,"Grenada"
"GTM",2015,3994.231,"Guatemala"
"GTM",2016,4172.065,"Guatemala"
"GTM",2017,4452.202,"Guatemala"
"GTM",2018,4485.926,"Guatemala"
"GTM",2019,4646.84,"Guatemala"
"GTM",2020,4610.073,"Guatemala"
"GTM",2021,5053.653,"Guatemala"
"GTM",2022,5509.385,"Guatemala"
"GTM",2023,5933.036,"Guatemala"
"GTM",2024,6295.05,"Guatemala"
"GTM",2025,6682.416,"Guatemala"
"GUY",2015,5579.974,"Guyana"
"GUY",2016,5796.819,"Guyana"
"GUY",2017,6104.158,"Guyana"
"GUY",2018,6120.536,"Guyana"
"GUY",2019,6594.375,"Guyana"
"GUY",2020,6952.702,"Guyana"
"GUY",2022,18353.123,"Guyana"
"GUY",2023,21472.309,"Guyana"
"GUY",2024,28920.551,"Guyana"
"GUY",2025,30650.092,"Guyana"
"HTI",2015,1359.209,"Haiti"
"HTI",2016,1263.434,"Haiti"
"HTI",2017,1337.16,"Haiti"
"HTI",2018,1441.864,"Haiti"
"HTI",2019,1277.213,"Haiti"
"HTI",2020,1235.476,"Haiti"
"HTI",2021,1765.242,"Haiti"
"HTI",2022,1643.221,"Haiti"
"HTI",2023,1603.278,"Haiti"
"HTI",2024,2120.413,"Haiti"
"HTI",2025,2434.525,"Haiti"
"HND",2015,2286.213,"Honduras"
"HND",2016,2325.495,"Honduras"
"HND",2017,2435.621,"Honduras"
"HND",2018,2489.849,"Honduras"
"HND",2019,2529.203,"Honduras"
"HND",2020,2332.526,"Honduras"
"HND",2021,2762.804,"Honduras"
"HND",2022,3033.97,"Honduras"
"HND",2023,3267.648,"Honduras"
"HND",2024,3446.298,"Honduras"
"HND",2025,3594.081,"Honduras"
"JAM",2015,5204.825,"Jamaica"
"JAM",2016,5183.462,"Jamaica"
"JAM",2017,5413.03,"Jamaica"
"JAM",2018,5729.757,"Jamaica"
"JAM",2019,5781.785,"Jamaica"
"JAM",2020,5072.599,"Jamaica"
"JAM",2021,5354.83,"Jamaica"
"JAM",2022,6197.798,"Jamaica"
"JAM",2023,7032.24,"Jamaica"
"JAM",2024,7486.621,"Jamaica"
"JAM",2025,7841.249,"Jamaica"
"MEX",2014,11272.395,"Mexico"
"MEX",2015,9915.089,"Mexico"
"MEX",2016,8999.57,"Mexico"
"MEX",2017,9542.783,"Mexico"
"MEX",2019,10259.746,"Mexico"
"MEX",2020,8742.217,"Mexico"
"MEX",2021,10180.182,"Mexico"
"MEX",2022,11259.75,"Mexico"
"MEX",2023,13641.033,"Mexico"
"MEX",2024,13971.898,"Mexico"
"MEX",2025,13630.15,"Mexico"
"NIC",2015,2029.124,"Nicaragua"
"NIC",2016,2091.463,"Nicaragua"
"NIC",2017,2147.856,"Nicaragua"
"NIC",2018,2008.404,"Nicaragua"
"NIC",2019,1940.115,"Nicaragua"
"NIC",2020,1952.183,"Nicaragua"
"NIC",2021,2163.083,"Nicaragua"
"NIC",2022,2371.681,"Nicaragua"
"NIC",2023,2672.628,"Nicaragua"
"NIC",2024,2877.647,"Nicaragua"
"NIC",2025,3074.454,"Nicaragua"
"PAN",2015,14102.156,"Panama"
"PAN",2016,14866.506,"Panama"
"PAN",2017,15731.102,"Panama"
"PAN",2018,16181.217,"Panama"
"PAN",2019,16526.419,"Panama"
"PAN",2020,13342.722,"Panama"
"PAN",2021,15540.795,"Panama"
"PAN",2022,17409.626,"Panama"
"PAN",2023,18725.739,"Panama"
"PAN",2024,19369.476,"Panama"
"PAN",2025,20092.051,"Panama"
"PRY",2015,5360.077,"Paraguay"
"PRY",2016,5265.061,"Paraguay"
"PRY",2017,5608.156,"Paraguay"
"PRY",2018,5703.324,"Paraguay"
"PRY",2019,5302.239,"Paraguay"
"PRY",2020,4885.396,"Paraguay"
"PRY",2021,5433.251,"Paraguay"
"PRY",2022,5628.472,"Paraguay"
"PRY",2023,5685.818,"Paraguay"
"PRY",2024,5869.329,"Paraguay"
"PER",2015,6436.053,"Peru"
"PER",2016,6453.923,"Peru"
"PER",2017,6992.244,"Peru"
"PER",2018,7210.677,"Peru"
"PER",2019,7251.682,"Peru"
"PER",2020,6328.104,"Peru"
"PER",2021,6852.501,"Peru"
"PER",2022,7314.211,"Peru"
"PER",2023,7912.956,"Peru"
"PER",2024,8315.915,"Peru"
"PER",2025,8570.382,"Peru"
"KNA",2016,21079.443,"St. Kitts & Nevis"
"KNA",2017,22147.971,"St. Kitts & Nevis"
"KNA",2018,22533.727,"St. Kitts & Nevis"
"KNA",2019,23205.126,"St. Kitts & Nevis"
"KNA",2023,22106.297,"St. Kitts & Nevis"
"KNA",2024,24202.606,"St. Kitts & Nevis"
"LCA",2019,11733.226,"St. Lucia"
"LCA",2024,14034.389,"St. Lucia"
"LCA",2025,14561.009,"St. Lucia"
"VCT",2017,7643.104,"St. Vincent & Grenadines"
"VCT",2018,8001.555,"St. Vincent & Grenadines"
"VCT",2024,10557.854,"St. Vincent & Grenadines"
"VCT",2025,11193.648,"St. Vincent & Grenadines"
"SUR",2015,9036.203,"Suriname"
"SUR",2016,5762.414,"Suriname"
"SUR",2017,6158.572,"Suriname"
"SUR",2018,6772.07,"Suriname"
"SUR",2019,6715.747,"Suriname"
"SUR",2023,5879.596,"Suriname"
"TTO",2015,19722.777,"Trinidad & Tobago"
"TTO",2016,17220.758,"Trinidad & Tobago"
"TTO",2017,17369.342,"Trinidad & Tobago"
"TTO",2018,17677.747,"Trinidad & Tobago"
"TTO",2019,17043.863,"Trinidad & Tobago"
"TTO",2024,19703.041,"Trinidad & Tobago"
"TTO",2025,20376.315,"Trinidad & Tobago"
"USA",2014,55263.817,"United States"
"USA",2016,58179.697,"United States"
"USA",2017,60292.978,"United States"
"USA",2018,63165.278,"United States"
"USA",2019,65561.32,"United States"
"USA",2020,64461.618,"United States"
"USA",2021,71257.958,"United States"
"USA",2022,77979.858,"United States"
"USA",2023,82715.1,"United States"
"USA",2024,86601.28,"United States"
"USA",2025,89677.894,"United States"
"URY",2015,16791.911,"Uruguay"
"URY",2017,18626.981,"Uruguay"
"URY",2018,18645.281,"Uruguay"
"URY",2019,17686.109,"Uruguay"
"URY",2020,15198.839,"Uruguay"
"URY",2022,19737.342,"Uruguay"
"URY",2023,21656.979,"Uruguay"
"URY",2024,23053.261,"Uruguay"
"AFG",2012,666.089,"Afghanistan"
"AFG",2013,639.473,"Afghanistan"
"AFG",2014,630.136,"Afghanistan"
"AFG",2015,594.213,"Afghanistan"
"AFG",2016,520.267,"Afghanistan"
"AFG",2017,529.773,"Afghanistan"
"AFG",2018,499.799,"Afghanistan"
"AFG",2019,499.762,"Afghanistan"
"AFG",2020,516.664,"Afghanistan"
"AFG",2021,356.063,"Afghanistan"
"AFG",2022,352.456,"Afghanistan"
"AFG",2023,410.933,"Afghanistan"
"BHR",2012,26438.673,"Bahrain"
"BHR",2013,26989.76,"Bahrain"
"BHR",2014,26451.797,"Bahrain"
"BHR",2015,23734.055,"Bahrain"
"BHR",2016,23800.001,"Bahrain"
"BHR",2017,24784.769,"Bahrain"
"BHR",2018,26324.407,"Bahrain"
"BHR",2019,27259.744,"Bahrain"
"BHR",2020,24342.844,"Bahrain"
"BHR",2021,27140.448,"Bahrain"
"BHR",2022,30533.09,"Bahrain"
"BHR",2023,29218.861,"Bahrain"
"BHR",2024,29573.098,"Bahrain"
"BHR",2025,29886.074,"Bahrain"
"DJI",2012,2190.283,"Djibouti"
"DJI",2014,2470.925,"Djibouti"
"DJI",2015,2652.513,"Djibouti"
"DJI",2022,3666.833,"Djibouti"
"DJI",2023,3895.094,"Djibouti"
"DJI",2024,4154.792,"Djibouti"
"DJI",2025,4417.009,"Djibouti"
"EGY",2012,3569.482,"Egypt"
"EGY",2013,3583.854,"Egypt"
"EGY",2014,3705.465,"Egypt"
"EGY",2015,3933.927,"Egypt"
"EGY",2016,3862.011,"Egypt"
"EGY",2017,2592.707,"Egypt"
"EGY",2018,2710.158,"Egypt"
"EGY",2019,3214.301,"Egypt"
"EGY",2020,3802.438,"Egypt"
"EGY",2021,4145.939,"Egypt"
"EGY",2022,4587.172,"Egypt"
"EGY",2023,3743.608,"Egypt"
"IRQ",2012,6692.576,"Iraq"
"IRQ",2013,7021.406,"Iraq"
"IRQ",2014,6704.313,"Iraq"
"IRQ",2015,5044.624,"Iraq"
"IRQ",2016,4656.709,"Iraq"
"IRQ",2017,5117.127,"Iraq"
"IRQ",2018,6037.885,"Iraq"
"IRQ",2019,6048.921,"Iraq"
"IRQ",2020,4547.33,"Iraq"
"IRQ",2021,5116.534,"Iraq"
"IRQ",2022,6818.152,"Iraq"
"IRQ",2023,5826.035,"Iraq"
"IRQ",2024,5947.315,"Iraq"
"IRQ",2025,5950.59,"Iraq"
"JOR",2012,4392.657,"Jordan"
"JOR",2013,4483.942,"Jordan"
"JOR",2014,4261.906,"Jordan"
"JOR",2015,4069.994,"Jordan"
"JOR",2016,4009.059,"Jordan"
"JOR",2017,4078.871,"Jordan"
"JOR",2018,4152.265,"Jordan"
"JOR",2019,4165.547,"Jordan"
"JOR",2020,4004.321,"Jordan"
"JOR",2021,4158.625,"Jordan"
"JOR",2022,4317.09,"Jordan"
"JOR",2023,4488.417,"Jordan"
"JOR",2024,4682.081,"Jordan"
"JOR",2025,4904.036,"Jordan"
"KWT",2012,50783.678,"Kuwait"
"KWT",2013,48543.741,"Kuwait"
"KWT",2015,29195.283,"Kuwait"
"KWT",2016,26795.706,"Kuwait"
"KWT",2017,28552.15,"Kuwait"
"KWT",2018,31369.182,"Kuwait"
"KWT",2019,31549.877,"Kuwait"
"KWT",2020,25610.725,"Kuwait"
"KWT",2021,35204.773,"Kuwait"
"KWT",2022,38380.031,"Kuwait"
"KWT",2023,33321.28,"Kuwait"
"KWT",2024,32289.977,"Kuwait"
"KWT",2025,31681.846,"Kuwait"
"LBN",2012,8500.137,"Lebanon"
"LBN",2013,8255.236,"Lebanon"
"LBN",2014,7665.322,"Lebanon"
"LBN",2015,7802.702,"Lebanon"
"LBN",2016,8172.768,"Lebanon"
"LBN",2017,8680.307,"Lebanon"
"LBN",2018,9225.506,"Lebanon"
"LBN",2019,8808.242,"Lebanon"
"LBN",2020,4410.402,"Lebanon"
"LBN",2021,3537.129,"Lebanon"
"LBN",2022,4467.189,"Lebanon"
"LBN",2023,4486.987,"Lebanon"
"LBY",2012,14728.068,"Libya"
"LBY",2013,12026.021,"Libya"
"LBY",2014,9168.285,"Libya"
"LBY",2015,7706.743,"Libya"
"LBY",2016,7817.631,"Libya"
"LBY",2017,10413.84,"Libya"
"LBY",2018,11773.86,"Libya"
"LBY",2019,10525.706,"Libya"
"LBY",2020,7058.334,"Libya"
"LBY",2021,5248.302,"Libya"
"LBY",2022,6386.468,"Libya"
"LBY",2023,6422.118,"Libya"
"LBY",2024,6482.099,"Libya"
"LBY",2025,6874.384,"Libya"
"MAR",2012,3224.712,"Morocco"
"MAR",2013,3463.601,"Morocco"
"MAR",2014,3527.712,"Morocco"
"MAR",2015,3235.57,"Morocco"
"MAR",2016,3235.218,"Morocco"
"MAR",2017,3401.256,"Morocco"
"MAR",2018,3615.592,"Morocco"
"MAR",2019,3622.679,"Morocco"
"MAR",2020,3375.438,"Morocco"
"MAR",2021,3911.053,"Morocco"
"MAR",2022,3571.091,"Morocco"
"MAR",2023,3901.397,"Morocco"
"MAR",2024,4203.553,"Morocco"
"MAR",2025,4470.641,"Morocco"
"OMN",2012,24129.012,"Oman"
"OMN",2013,23328.489,"Oman"
"OMN",2014,23219.693,"Oman"
"OMN",2015,18924.97,"Oman"
"OMN",2016,17020.387,"Oman"
"OMN",2017,17731.849,"Oman"
"OMN",2018,19885.271,"Oman"
"OMN",2019,19069.329,"Oman"
"OMN",2020,17076.319,"Oman"
"OMN",2021,19458.452,"Oman"
"OMN",2022,22688.95,"Oman"
"OMN",2023,21062.91,"Oman"
"OMN",2024,20631.44,"Oman"
"OMN",2025,20230.482,"Oman"
"PAK",2012,1377.776,"Pakistan"
"PAK",2013,1390.648,"Pakistan"
"PAK",2014,1423.889,"Pakistan"
"PAK",2015,1535.348,"Pakistan"
"PAK",2016,1566.625,"Pakistan"
"PAK",2017,1653.406,"Pakistan"
"PAK",2018,1698.034,"Pakistan"
"PAK",2019,1500.683,"Pakistan"
"PAK",2020,1376.512,"Pakistan"
"PAK",2021,1565.575,"Pakistan"
"PAK",2022,1651.323,"Pakistan"
"PAK",2023,1458.013,"Pakistan"
"PAK",2024,1587.604,"Pakistan"
"Pakistan",2025,NA,"Pakistan"
"QAT",2012,101933.117,"Qatar"
"QAT",2013,99180.39,"Qatar"
"QAT",2014,93054.141,"Qatar"
"QAT",2015,66346.911,"Qatar"
"QAT",2016,57965.377,"Qatar"
"QAT",2017,59127.513,"Qatar"
"QAT",2018,66421.617,"Qatar"
"QAT",2019,63007.696,"Qatar"
"QAT",2020,50962.499,"Qatar"
"QAT",2021,65400.854,"Qatar"
"QAT",2022,80385.391,"Qatar"
"QAT",2023,69540.54,"Qatar"
"QAT",2024,71568.394,"Qatar"
"QAT",2025,72759.508,"Qatar"
"SAU",2012,28348.563,"Saudi Arabia"
"SAU",2013,27290.188,"Saudi Arabia"
"SAU",2014,27079.673,"Saudi Arabia"
"SAU",2015,22453.58,"Saudi Arabia"
"SAU",2016,21515.651,"Saudi Arabia"
"SAU",2017,23081.196,"Saudi Arabia"
"SAU",2018,28036.026,"Saudi Arabia"
"SAU",2019,27892.842,"Saudi Arabia"
"SAU",2020,23271.404,"Saudi Arabia"
"SAU",2021,28396.104,"Saudi Arabia"
"SAU",2022,34454.196,"Saudi Arabia"
"SAU",2023,32529.678,"Saudi Arabia"
"SAU",2024,32881.339,"Saudi Arabia"
"SAU",2025,33287.244,"Saudi Arabia"
"SOM",2012,437.51,"Somalia"
"SOM",2013,481.924,"Somalia"
"SOM",2014,514.688,"Somalia"
"SOM",2015,531.556,"Somalia"
"SOM",2016,558.643,"Somalia"
"SOM",2017,606.778,"Somalia"
"SOM",2018,563.115,"Somalia"
"SOM",2019,602.186,"Somalia"
"SOM",2020,583.956,"Somalia"
"SOM",2021,624.408,"Somalia"
"SOM",2022,653.449,"Somalia"
"SOM",2023,683.343,"Somalia"
"SOM",2024,771.447,"Somalia"
"SOM",2025,818.653,"Somalia"
"SDN",2012,1396.292,"Sudan"
"SDN",2013,1462.582,"Sudan"
"SDN",2014,1628.497,"Sudan"
"SDN",2015,1679.025,"Sudan"
"SDN",2016,1638.638,"Sudan"
"SDN",2017,1199.177,"Sudan"
"SDN",2018,800.064,"Sudan"
"SDN",2019,728.42,"Sudan"
"SDN",2020,794.696,"Sudan"
"SDN",2021,772.509,"Sudan"
"SDN",2022,718.049,"Sudan"
"SDN",2023,795.679,"Sudan"
"SDN",2024,606.289,"Sudan"
"SDN",2025,594.903,"Sudan"
"TUN",2012,4345.815,"Tunisia"
"TUN",2013,4419.705,"Tunisia"
"TUN",2014,4511.282,"Tunisia"
"TUN",2015,4060.695,"Tunisia"
"TUN",2016,3890.127,"Tunisia"
"TUN",2017,3656.508,"Tunisia"
"TUN",2018,3661.194,"Tunisia"
"TUN",2019,3556.377,"Tunisia"
"TUN",2020,3569.972,"Tunisia"
"TUN",2021,3895.114,"Tunisia"
"TUN",2022,3676.784,"Tunisia"
"TUN",2023,3967.481,"Tunisia"
"TUN",2024,4266.985,"Tunisia"
"TUN",2025,4396.179,"Tunisia"
"ARE",2012,45108.027,"United Arab Emirates"
"ARE",2013,46207.448,"United Arab Emirates"
"ARE",2014,47063.628,"United Arab Emirates"
"ARE",2015,41422.602,"United Arab Emirates"
"ARE",2016,40483.337,"United Arab Emirates"
"ARE",2017,41971.753,"United Arab Emirates"
"ARE",2018,45591.68,"United Arab Emirates"
"ARE",2019,43981.612,"United Arab Emirates"
"ARE",2020,37648.953,"United Arab Emirates"
"ARE",2021,43438.527,"United Arab Emirates"
"ARE",2022,48897.383,"United Arab Emirates"
"ARE",2023,48140.644,"United Arab Emirates"
"ARE",2024,49549.588,"United Arab Emirates"
"ARE",2025,51294.323,"United Arab Emirates"
"YEM",2012,1369.687,"Yemen"
"YEM",2013,1519.342,"Yemen"
"YEM",2014,1579.558,"Yemen"
"YEM",2015,1508.382,"Yemen"
"YEM",2016,1083.887,"Yemen"
"YEM",2017,905.181,"Yemen"
"YEM",2018,710.384,"Yemen"
"YEM",2019,702.286,"Yemen"
"YEM",2020,633.311,"Yemen"
"YEM",2021,594.151,"Yemen"
"YEM",2022,706.25,"Yemen"
"YEM",2023,551.953,"Yemen"
"YEM",2024,464.893,"Yemen"
"YEM",2025,455.459,"Yemen"
"ALB",2012,4248.909,"Albania"
"ALB",2013,4415.6,"Albania"
"ALB",2014,4584.919,"Albania"
"ALB",2015,3953.611,"Albania"
"ALB",2016,4124.405,"Albania"
"ALB",2017,4542.76,"Albania"
"ALB",2018,5287.721,"Albania"
"ALB",2019,5395.101,"Albania"
"ALB",2020,5353.303,"Albania"
"ALB",2021,6396.166,"Albania"
"ALB",2022,6870.21,"Albania"
"ALB",2023,8299.278,"Albania"
"ALB",2024,9598.191,"Albania"
"ALB",2025,10386.312,"Albania"
"AND",2012,45713.97,"Andorra"
"AND",2013,45630.195,"Andorra"
"AND",2014,46299.282,"Andorra"
"AND",2015,38877.485,"Andorra"
"AND",2016,39595.317,"Andorra"
"AND",2017,40017.741,"Andorra"
"AND",2018,42229.903,"Andorra"
"AND",2019,40688.491,"Andorra"
"AND",2020,36973.845,"Andorra"
"AND",2021,41806.876,"Andorra"
"ARM",2012,3575.529,"Armenia"
"ARM",2013,3732.035,"Armenia"
"ARM",2014,3889.004,"Armenia"
"ARM",2015,3529.026,"Armenia"
"ARM",2016,3524,"Armenia"
"ARM",2017,3868.906,"Armenia"
"ARM",2018,4195.963,"Armenia"
"ARM",2019,4596.861,"Armenia"
"ARM",2020,4268.681,"Armenia"
"ARM",2021,4685.183,"Armenia"
"ARM",2022,6660.868,"Armenia"
"ARM",2023,8125.625,"Armenia"
"ARM",2024,8517.994,"Armenia"
"ARM",2025,8964.961,"Armenia"
"AUT",2012,48616.903,"Austria"
"AUT",2013,50747.384,"Austria"
"AUT",2014,51814.424,"Austria"
"AUT",2015,44267.809,"Austria"
"AUT",2016,45278.829,"Austria"
"AUT",2017,47320.537,"Austria"
"AUT",2018,51234.477,"Austria"
"AUT",2019,50192.49,"Austria"
"AUT",2020,48837.35,"Austria"
"AUT",2021,53696.146,"Austria"
"AUT",2022,52501.49,"Austria"
"AUT",2023,56856.125,"Austria"
"AUT",2024,58668.601,"Austria"
"AUT",2025,61079.62,"Austria"
"AZE",2012,7545.553,"Azerbaijan"
"AZE",2013,7926.6,"Azerbaijan"
"AZE",2014,7938.578,"Azerbaijan"
"AZE",2015,5524.527,"Azerbaijan"
"AZE",2016,3897.788,"Azerbaijan"
"AZE",2017,4217.653,"Azerbaijan"
"AZE",2018,4759.796,"Azerbaijan"
"AZE",2019,4841.145,"Azerbaijan"
"AZE",2020,4280.429,"Azerbaijan"
"AZE",2021,5468.269,"Azerbaijan"
"AZE",2022,7831.176,"Azerbaijan"
"AZE",2023,7144.807,"Azerbaijan"
"AZE",2024,7381.368,"Azerbaijan"
"AZE",2025,7428.084,"Azerbaijan"
"BLR",2012,6951.407,"Belarus"
"BLR",2013,7994.708,"Belarus"
"BLR",2014,8333.161,"Belarus"
"BLR",2015,5953.752,"Belarus"
"BLR",2016,5037.653,"Belarus"
"BLR",2017,5785.291,"Belarus"
"BLR",2018,6357.962,"Belarus"
"BLR",2019,6838.218,"Belarus"
"BLR",2020,6536.527,"Belarus"
"BLR",2021,7332.084,"Belarus"
"BLR",2022,7892.727,"Belarus"
"BLR",2023,7821.879,"Belarus"
"BLR",2024,8007.673,"Belarus"
"BLR",2025,8459.916,"Belarus"
"BEL",2012,44824.163,"Belgium"
"BEL",2013,46848.612,"Belgium"
"BEL",2014,47897.037,"Belgium"
"BEL",2015,41147.261,"Belgium"
"BEL",2016,42076.398,"Belgium"
"BEL",2017,44274.073,"Belgium"
"BEL",2018,47685.347,"Belgium"
"BEL",2019,46783.103,"Belgium"
"BEL",2020,45615.359,"Belgium"
"BEL",2021,52039.551,"Belgium"
"BEL",2022,50274.779,"Belgium"
"BEL",2023,53854.213,"Belgium"
"BEL",2024,56128.791,"Belgium"
"BEL",2025,58248.287,"Belgium"
"BIH",2013,5141.572,"Bosnia & Herzegovina"
"BIH",2014,5252.939,"Bosnia & Herzegovina"
"BIH",2015,4662.977,"Bosnia & Herzegovina"
"BIH",2016,4875.228,"Bosnia & Herzegovina"
"BIH",2017,5230.13,"Bosnia & Herzegovina"
"BIH",2018,5859.283,"Bosnia & Herzegovina"
"BIH",2019,5867.26,"Bosnia & Herzegovina"
"BIH",2020,5800.39,"Bosnia & Herzegovina"
"BIH",2021,6800.487,"Bosnia & Herzegovina"
"BIH",2022,7064.286,"Bosnia & Herzegovina"
"BIH",2023,7810.113,"Bosnia & Herzegovina"
"BIH",2024,8220.816,"Bosnia & Herzegovina"
"BIH",2025,8668.364,"Bosnia & Herzegovina"
"BGR",2012,7453.726,"Bulgaria"
"BGR",2013,7703.869,"Bulgaria"
"BGR",2014,7925.445,"Bulgaria"
"BGR",2015,7096.339,"Bulgaria"
"BGR",2016,7593.706,"Bulgaria"
"BGR",2017,8409.665,"Bulgaria"
"BGR",2018,9485.446,"Bulgaria"
"BGR",2019,9909.937,"Bulgaria"
"BGR",2020,10165.58,"Bulgaria"
"BGR",2021,12297.273,"Bulgaria"
"BGR",2022,14023.892,"Bulgaria"
"BGR",2024,17069.33,"Bulgaria"
"BGR",2025,18455.625,"Bulgaria"
"HRV",2012,13459.966,"Croatia"
"HRV",2013,14001.926,"Croatia"
"HRV",2014,14040.962,"Croatia"
"HRV",2015,12135.14,"Croatia"
"HRV",2016,12632.022,"Croatia"
"HRV",2017,13648.851,"Croatia"
"HRV",2018,15138.564,"Croatia"
"HRV",2019,15220.474,"Croatia"
"HRV",2020,14372.314,"Croatia"
"HRV",2023,21520.681,"Croatia"
"HRV",2024,23380.437,"Croatia"
"HRV",2025,25081.166,"Croatia"
"CYP",2012,29075.269,"Cyprus"
"CYP",2013,27671.331,"Cyprus"
"CYP",2014,27076.806,"Cyprus"
"CYP",2015,23507.588,"Cyprus"
"CYP",2016,24802.599,"Cyprus"
"CYP",2017,26834.665,"Cyprus"
"CYP",2018,29631.99,"Cyprus"
"CYP",2019,29626.37,"Cyprus"
"CYP",2020,28386.27,"Cyprus"
"CYP",2021,32926.483,"Cyprus"
"CYP",2024,37766.666,"Cyprus"
"CYP",2025,40551.733,"Cyprus"
"CZE",2012,20024.209,"Czechia"
"CZE",2013,20256.925,"Czechia"
"CZE",2014,20063.059,"Czechia"
"CZE",2015,17944.844,"Czechia"
"CZE",2016,18731.83,"Czechia"
"CZE",2017,20882.415,"Czechia"
"CZE",2018,23661.699,"Czechia"
"CZE",2019,24013.061,"Czechia"
"CZE",2020,23464.296,"Czechia"
"CZE",2023,31630.255,"Czechia"
"CZE",2024,31365.509,"Czechia"
"CZE",2025,33038.228,"Czechia"
"DNK",2012,58559.563,"Denmark"
"DNK",2013,61512.411,"Denmark"
"DNK",2014,62700.908,"Denmark"
"DNK",2015,53316.984,"Denmark"
"DNK",2016,54699.182,"Denmark"
"DNK",2017,57683.746,"Denmark"
"DNK",2018,61456.783,"Denmark"
"DNK",2019,59489.614,"Denmark"
"DNK",2020,61075.932,"Denmark"
"DNK",2023,68618.872,"Denmark"
"DNK",2024,69273.048,"Denmark"
"DNK",2025,71966.691,"Denmark"
"EST",2012,17579.346,"Estonia"
"EST",2013,19310.675,"Estonia"
"EST",2014,20574.581,"Estonia"
"EST",2015,17723.954,"Estonia"
"EST",2016,18661.231,"Estonia"
"EST",2017,20844.174,"Estonia"
"EST",2018,23628.862,"Estonia"
"EST",2019,24023.899,"Estonia"
"EST",2020,23911.344,"Estonia"
"EST",2021,27966.793,"Estonia"
"EST",2022,28469.346,"Estonia"
"EST",2023,30137.644,"Estonia"
"EST",2024,31530.969,"Estonia"
"EST",2025,33225.113,"Estonia"
"FIN",2012,47693.7,"Finland"
"FIN",2013,49804.351,"Finland"
"FIN",2014,50180.785,"Finland"
"FIN",2015,42625.16,"Finland"
"FIN",2016,43502.557,"Finland"
"FIN",2017,46109.916,"Finland"
"FIN",2018,49698.347,"Finland"
"FIN",2019,48395.834,"Finland"
"FIN",2020,48827.138,"Finland"
"FIN",2021,53203.799,"Finland"
"FIN",2022,50549.712,"Finland"
"FIN",2023,53130.693,"Finland"
"FIN",2024,54773.988,"Finland"
"FIN",2025,57182.644,"Finland"
"FRA",2012,42361.583,"France"
"FRA",2013,44210.568,"France"
"FRA",2014,44698.808,"France"
"FRA",2015,37989.114,"France"
"FRA",2016,38308.857,"France"
"FRA",2017,40036.974,"France"
"FRA",2018,42915.865,"France"
"FRA",2019,41831.481,"France"
"FRA",2020,40536.857,"France"
"FRA",2021,45315.56,"France"
"FRA",2022,42581.012,"France"
"FRA",2023,46305.162,"France"
"FRA",2024,48011.828,"France"
"FRA",2025,49526.711,"France"
"GEO",2012,4518.061,"Georgia"
"GEO",2013,4710.606,"Georgia"
"GEO",2014,4833.664,"Georgia"
"GEO",2015,4090.214,"Georgia"
"GEO",2016,4142.174,"Georgia"
"GEO",2017,4420.41,"Georgia"
"GEO",2018,4800.794,"Georgia"
"GEO",2019,4738.796,"Georgia"
"GEO",2020,4308.286,"Georgia"
"GEO",2021,5055.161,"Georgia"
"GEO",2022,6773.539,"Georgia"
"GEO",2023,8172.574,"Georgia"
"GEO",2024,8882.635,"Georgia"
"GEO",2025,9612.524,"Georgia"
"DEU",2012,44763.54,"Germany"
"DEU",2013,47220.321,"Germany"
"DEU",2014,48983.25,"Germany"
"DEU",2015,41914.927,"Germany"
"DEU",2016,42949.139,"Germany"
"DEU",2017,45510.535,"Germany"
"DEU",2018,48897.189,"Germany"
"DEU",2019,47629.1,"Germany"
"DEU",2020,47341.768,"Germany"
"DEU",2021,52300.607,"Germany"
"DEU",2022,49725.343,"Germany"
"DEU",2023,53565.041,"Germany"
"DEU",2024,55521.345,"Germany"
"DEU",2025,57914.356,"Germany"
"GRC",2012,21844.999,"Greece"
"GRC",2013,21712.064,"Greece"
"GRC",2014,21554.224,"Greece"
"GRC",2015,18023.859,"Greece"
"GRC",2016,17906.1,"Greece"
"GRC",2017,18552.223,"Greece"
"GRC",2018,19750.71,"Greece"
"GRC",2019,19140.612,"Greece"
"GRC",2020,17570.395,"Greece"
"GRC",2022,20818.073,"Greece"
"GRC",2024,24341.505,"Greece"
"GRC",2025,25616.445,"Greece"
"HUN",2012,12969.621,"Hungary"
"HUN",2013,13693.038,"Hungary"
"HUN",2014,14279.016,"Hungary"
"HUN",2015,12700.301,"Hungary"
"HUN",2016,13083.4,"Hungary"
"HUN",2017,14606.266,"Hungary"
"HUN",2018,16421.113,"Hungary"
"HUN",2019,16782.01,"Hungary"
"HUN",2020,16099.958,"Hungary"
"HUN",2022,18349.443,"Hungary"
"HUN",2023,22131.628,"Hungary"
"HUN",2024,23881.429,"Hungary"
"HUN",2025,25703.442,"Hungary"
"ISL",2012,47102.062,"Iceland"
"ISL",2013,51059.38,"Iceland"
"ISL",2014,55885.704,"Iceland"
"ISL",2015,54228.826,"Iceland"
"ISL",2016,63775.711,"Iceland"
"ISL",2017,74369.205,"Iceland"
"ISL",2018,76745.081,"Iceland"
"ISL",2019,70625.477,"Iceland"
"ISL",2020,61094.329,"Iceland"
"ISL",2024,85786.894,"Iceland"
"IRL",2012,49386.473,"Ireland"
"IRL",2013,52544.104,"Ireland"
"IRL",2014,57175.016,"Ireland"
"IRL",2015,64154.49,"Ireland"
"IRL",2016,63933.791,"Ireland"
"IRL",2017,71869.279,"Ireland"
"IRL",2018,80411.864,"Ireland"
"IRL",2019,81506.342,"Ireland"
"IRL",2020,86313.772,"Ireland"
"IRL",2021,103775.442,"Ireland"
"IRL",2022,104728.5,"Ireland"
"IRL",2023,103465.935,"Ireland"
"IRL",2024,103500.385,"Ireland"
"IRL",2025,107242.999,"Ireland"
"ISR",2012,33335.422,"Israel"
"ISR",2013,37048.694,"Israel"
"ISR",2014,38360.49,"Israel"
"ISR",2015,36227.752,"Israel"
"ISR",2016,37683.096,"Israel"
"ISR",2017,41156.216,"Israel"
"ISR",2018,42379.785,"Israel"
"ISR",2019,44297.779,"Israel"
"ISR",2020,44842.685,"Israel"
"ISR",2021,52586.351,"Israel"
"ISR",2023,52643.451,"Israel"
"ISR",2024,53110.949,"Israel"
"ISR",2025,54369.758,"Israel"
"ITA",2012,34926.415,"Italy"
"ITA",2013,35722.542,"Italy"
"ITA",2014,36022.586,"Italy"
"ITA",2015,30609.522,"Italy"
"ITA",2016,31357.601,"Italy"
"ITA",2017,32797.298,"Italy"
"ITA",2018,35042.793,"Italy"
"ITA",2019,33767.005,"Italy"
"ITA",2020,31956.855,"Italy"
"ITA",2021,36812.907,"Italy"
"ITA",2022,35653.833,"Italy"
"ITA",2023,39012.076,"Italy"
"ITA",2024,40286.836,"Italy"
"ITA",2025,41714.411,"Italy"
"KAZ",2012,12386.701,"Kazakhstan"
"KAZ",2013,13890.637,"Kazakhstan"
"KAZ",2014,12807.262,"Kazakhstan"
"KAZ",2015,10510.769,"Kazakhstan"
"KAZ",2016,7715.462,"Kazakhstan"
"KAZ",2017,9247.587,"Kazakhstan"
"KAZ",2018,9812.626,"Kazakhstan"
"KAZ",2019,9812.591,"Kazakhstan"
"KAZ",2020,9121.636,"Kazakhstan"
"KAZ",2021,10373.791,"Kazakhstan"
"KAZ",2022,11486.06,"Kazakhstan"
"KAZ",2023,13260.898,"Kazakhstan"
"KAZ",2024,14569.9,"Kazakhstan"
"KAZ",2025,15112.239,"Kazakhstan"
"KGZ",2012,1189.517,"Kyrgyzstan"
"KGZ",2013,1295.225,"Kyrgyzstan"
"KGZ",2014,1292.621,"Kyrgyzstan"
"KGZ",2015,1132.843,"Kyrgyzstan"
"KGZ",2016,1131.841,"Kyrgyzstan"
"KGZ",2017,1254.51,"Kyrgyzstan"
"KGZ",2018,1321.954,"Kyrgyzstan"
"KGZ",2019,1466.956,"Kyrgyzstan"
"KGZ",2020,1270.961,"Kyrgyzstan"
"KGZ",2021,1390.9,"Kyrgyzstan"
"KGZ",2022,1805.648,"Kyrgyzstan"
"KGZ",2023,2018.911,"Kyrgyzstan"
"KGZ",2024,2228.777,"Kyrgyzstan"
"KGZ",2025,2405.246,"Kyrgyzstan"
"LVA",2012,13786.588,"Latvia"
"LVA",2013,14927.223,"Latvia"
"LVA",2014,15685.979,"Latvia"
"LVA",2015,13728.365,"Latvia"
"LVA",2016,14259.249,"Latvia"
"LVA",2017,15626.275,"Latvia"
"LVA",2018,17806.56,"Latvia"
"LVA",2019,17828.071,"Latvia"
"LVA",2020,18013.227,"Latvia"
"LVA",2022,21566.931,"Latvia"
"LVA",2023,23175.505,"Latvia"
"LVA",2024,24222.809,"Latvia"
"LTU",2012,14354.659,"Lithuania"
"LTU",2013,15748.605,"Lithuania"
"LTU",2014,16580.198,"Lithuania"
"LTU",2015,14262.518,"Lithuania"
"LTU",2016,15012.141,"Lithuania"
"LTU",2017,16866.728,"Lithuania"
"LTU",2018,19195.354,"Lithuania"
"LTU",2019,19623.637,"Lithuania"
"LTU",2020,20348.942,"Lithuania"
"LTU",2022,25188.866,"Lithuania"
"LTU",2023,26997.801,"Lithuania"
"LTU",2024,28712.702,"Lithuania"
"LTU",2025,30513.583,"Lithuania"
"LUX",2012,113953.737,"Luxembourg"
"LUX",2013,121422.921,"Luxembourg"
"LUX",2014,125200.137,"Luxembourg"
"LUX",2015,106710.273,"Luxembourg"
"LUX",2016,107948.199,"Luxembourg"
"LUX",2017,111211.579,"Luxembourg"
"LUX",2018,117993.371,"Luxembourg"
"LUX",2019,113860.351,"Luxembourg"
"LUX",2020,117616.151,"Luxembourg"
"LUX",2024,135321.424,"Luxembourg"
"LUX",2025,141079.52,"Luxembourg"
"MLT",2012,23028.989,"Malta"
"MLT",2013,25554.391,"Malta"
"MLT",2014,27690.937,"Malta"
"MLT",2015,25795.214,"Malta"
"MLT",2016,26691.849,"Malta"
"MLT",2017,30754.81,"Malta"
"MLT",2018,33973.293,"Malta"
"MLT",2019,33105.744,"Malta"
"MLT",2020,31818.84,"Malta"
"MLT",2024,44140.016,"Malta"
"Montenegro",2012,NA,"Montenegro"
"Montenegro",2013,NA,"Montenegro"
"Montenegro",2014,NA,"Montenegro"
"Montenegro",2015,NA,"Montenegro"
"Montenegro",2017,NA,"Montenegro"
"Montenegro",2018,NA,"Montenegro"
"Montenegro",2019,NA,"Montenegro"
"Montenegro",2020,NA,"Montenegro"
"Montenegro",2021,NA,"Montenegro"
"Montenegro",2022,NA,"Montenegro"
"MNE",2023,11696.262,"Montenegro"
"MNE",2024,12802.124,"Montenegro"
"MNE",2025,13961.47,"Montenegro"
"MKD",2012,5052.951,"North Macedonia"
"MKD",2013,5629.487,"North Macedonia"
"MKD",2014,5933.37,"North Macedonia"
"MKD",2015,5264.132,"North Macedonia"
"MKD",2016,5605.436,"North Macedonia"
"MKD",2017,5970.578,"North Macedonia"
"MKD",2018,6719.639,"North Macedonia"
"MKD",2019,6720.332,"North Macedonia"
"MKD",2020,6672.521,"North Macedonia"
"MKD",2021,7625.26,"North Macedonia"
"MKD",2022,7498.577,"North Macedonia"
"MKD",2023,8063.108,"North Macedonia"
"MKD",2024,8658.893,"North Macedonia"
"NOR",2012,101779.186,"Norway"
"NOR",2013,103214.973,"Norway"
"NOR",2014,97302.705,"Norway"
"NOR",2015,74568.136,"Norway"
"NOR",2016,70629.25,"Norway"
"NOR",2017,75940.175,"Norway"
"NOR",2018,82605.919,"Norway"
"NOR",2019,76303.683,"Norway"
"NOR",2020,68275.277,"Norway"
"NOR",2022,108438.547,"Norway"
"NOR",2023,87702.851,"Norway"
"NOR",2024,90433.666,"Norway"
"NOR",2025,90320.006,"Norway"
"POL",2012,13010.54,"Poland"
"POL",2013,13550.385,"Poland"
"POL",2014,14183.116,"Poland"
"POL",2015,12545.188,"Poland"
"POL",2016,12369.893,"Poland"
"POL",2017,13819.834,"Poland"
"POL",2018,15504.366,"Poland"
"POL",2019,15694.594,"Poland"
"POL",2020,15792.61,"Poland"
"POL",2021,18380.545,"Poland"
"POL",2022,18701.354,"Poland"
"POL",2023,22085.808,"Poland"
"POL",2024,23563.217,"Poland"
"POL",2025,25040.597,"Poland"
"PRT",2012,20576.747,"Portugal"
"PRT",2013,21653.505,"Portugal"
"PRT",2014,22109.403,"Portugal"
"PRT",2015,19252.053,"Portugal"
"PRT",2016,19986.459,"Portugal"
"PRT",2017,21482.834,"Portugal"
"PRT",2018,23573.253,"Portugal"
"PRT",2019,23333.408,"Portugal"
"PRT",2020,22224.61,"Portugal"
"PRT",2021,24838.758,"Portugal"
"PRT",2022,24798.548,"Portugal"
"PRT",2023,27834.773,"Portugal"
"PRT",2024,29341.17,"Portugal"
"PRT",2025,30946.811,"Portugal"
"MDA",2012,3031.129,"Moldova"
"MDA",2013,3307.351,"Moldova"
"MDA",2014,3314.553,"Moldova"
"MDA",2015,2715.782,"Moldova"
"MDA",2016,2857.879,"Moldova"
"MDA",2017,3422.643,"Moldova"
"MDA",2018,4121.047,"Moldova"
"MDA",2019,4376.654,"Moldova"
"MDA",2020,4377.542,"Moldova"
"MDA",2021,5293.206,"Moldova"
"MDA",2022,5726.139,"Moldova"
"MDA",2023,6641.582,"Moldova"
"MDA",2024,7368.494,"Moldova"
"MDA",2025,8161.296,"Moldova"
"ROU",2012,8919.363,"Romania"
"ROU",2013,9481.981,"Romania"
"ROU",2014,10025.457,"Romania"
"ROU",2015,8951.736,"Romania"
"ROU",2016,9378.957,"Romania"
"ROU",2017,10717.263,"Romania"
"ROU",2018,12465.699,"Romania"
"ROU",2019,12928.148,"Romania"
"ROU",2020,13021.962,"Romania"
"ROU",2021,14895.318,"Romania"
"ROU",2022,15726.433,"Romania"
"ROU",2023,18424.685,"Romania"
"ROU",2024,20088.859,"Romania"
"ROU",2025,21570.103,"Romania"
"RUS",2012,15284.673,"Russia"
"RUS",2013,15913.302,"Russia"
"RUS",2014,13984.474,"Russia"
"RUS",2015,9231.599,"Russia"
"RUS",2016,8689.368,"Russia"
"RUS",2017,10665.247,"Russia"
"RUS",2018,11182.629,"Russia"
"RUS",2019,11465.343,"Russia"
"RUS",2020,10074.726,"Russia"
"RUS",2021,12519.735,"Russia"
"RUS",2022,15471.593,"Russia"
"RUS",2023,13738.704,"Russia"
"RUS",2024,14952.904,"Russia"
"RUS",2025,15077.117,"Russia"
"SMR",2017,45887.687,"San Marino"
"SMR",2018,49477.281,"San Marino"
"SMR",2019,48043.86,"San Marino"
"SMR",2020,45640.984,"San Marino"
"SMR",2024,59840.628,"San Marino"
"SRB",2012,6014.914,"Serbia"
"SRB",2013,6752.796,"Serbia"
"SRB",2014,6598.935,"Serbia"
"SRB",2015,5588.979,"Serbia"
"SRB",2016,5765.203,"Serbia"
"SRB",2017,6292.546,"Serbia"
"SRB",2018,7252.404,"Serbia"
"SRB",2019,7417.206,"Serbia"
"SRB",2020,7733.803,"Serbia"
"SRB",2021,9186.968,"Serbia"
"SRB",2022,9537.684,"Serbia"
"SRB",2023,11352.113,"Serbia"
"SRB",2024,12513.826,"Serbia"
"SRB",2025,13490.034,"Serbia"
"SVK",2012,17519.973,"Slovakia"
"SVK",2013,18284.914,"Slovakia"
"SVK",2014,18734.166,"Slovakia"
"SVK",2015,16399.966,"Slovakia"
"SVK",2016,16572.743,"Slovakia"
"SVK",2017,17591.553,"Slovakia"
"SVK",2018,19508.308,"Slovakia"
"SVK",2019,19397.274,"Slovakia"
"SVK",2020,19541.007,"Slovakia"
"SVK",2021,21730.181,"Slovakia"
"SVK",2022,21284.578,"Slovakia"
"SVK",2023,24468.025,"Slovakia"
"SVK",2024,26290.363,"Slovakia"
"SVK",2025,28176.905,"Slovakia"
"SVN",2012,22474.535,"Slovenia"
"SVN",2013,23250.102,"Slovenia"
"SVN",2014,24029.664,"Slovenia"
"SVN",2015,20705.968,"Slovenia"
"SVN",2016,21450.814,"Slovenia"
"SVN",2017,23300.425,"Slovenia"
"SVN",2018,25987.659,"Slovenia"
"SVN",2019,25909.807,"Slovenia"
"SVN",2020,25451.13,"Slovenia"
"SVN",2023,32673.257,"Slovenia"
"SVN",2024,34544.168,"Slovenia"
"SVN",2025,36495.357,"Slovenia"
"ESP",2012,28478.514,"Spain"
"ESP",2013,29236.149,"Spain"
"ESP",2014,29719.01,"Spain"
"ESP",2015,25991.877,"Spain"
"ESP",2016,26752.982,"Spain"
"ESP",2017,28394.717,"Spain"
"ESP",2018,30651.153,"Spain"
"ESP",2019,29798.124,"Spain"
"ESP",2020,27214.292,"Spain"
"ESP",2021,30893.22,"Spain"
"ESP",2022,30402.921,"Spain"
"ESP",2023,33895.593,"Spain"
"ESP",2024,35788.734,"Spain"
"ESP",2025,37361.964,"Spain"
"SWE",2012,57529.127,"Sweden"
"SWE",2013,60563.645,"Sweden"
"SWE",2014,59270.463,"Sweden"
"SWE",2015,50928.576,"Sweden"
"SWE",2016,51446.757,"Sweden"
"SWE",2017,52971.455,"Sweden"
"SWE",2018,53890.765,"Sweden"
"SWE",2019,51528.899,"Sweden"
"SWE",2020,52522.605,"Sweden"
"SWE",2022,55115.015,"Sweden"
"SWE",2023,55433.135,"Sweden"
"SWE",2024,57212.541,"Sweden"
"SWE",2025,59508.263,"Sweden"
"CHE",2012,86303.678,"Switzerland"
"CHE",2013,87918.427,"Switzerland"
"CHE",2014,89274.25,"Switzerland"
"CHE",2015,84224.924,"Switzerland"
"CHE",2016,82589.322,"Switzerland"
"CHE",2017,82601.498,"Switzerland"
"CHE",2018,85561.001,"Switzerland"
"CHE",2019,84481.041,"Switzerland"
"CHE",2020,86138.871,"Switzerland"
"CHE",2021,93966.493,"Switzerland"
"CHE",2022,94798.83,"Switzerland"
"CHE",2023,101510.023,"Switzerland"
"CHE",2024,106097.643,"Switzerland"
"CHE",2025,111716.018,"Switzerland"
"TJK",2012,949.648,"Tajikistan"
"TJK",2013,1040.15,"Tajikistan"
"TJK",2014,1105.197,"Tajikistan"
"TJK",2015,919.073,"Tajikistan"
"TJK",2016,800.645,"Tajikistan"
"TJK",2017,844.595,"Tajikistan"
"TJK",2018,852.341,"Tajikistan"
"TJK",2019,893.318,"Tajikistan"
"TJK",2020,858.445,"Tajikistan"
"TJK",2021,925.135,"Tajikistan"
"TJK",2022,1066.747,"Tajikistan"
"TJK",2023,1183.908,"Tajikistan"
"TJK",2024,1275.5,"Tajikistan"
"TJK",2025,1367.091,"Tajikistan"
"TKM",2012,9205.83,"Turkmenistan"
"TKM",2013,9147.926,"Turkmenistan"
"TKM",2017,7690.915,"Turkmenistan"
"TKM",2018,8128.406,"Turkmenistan"
"TKM",2019,8611.769,"Turkmenistan"
"TKM",2020,8381.012,"Turkmenistan"
"TKM",2021,9608.222,"Turkmenistan"
"TKM",2022,12123.362,"Turkmenistan"
"TKM",2023,11926.706,"Turkmenistan"
"TKM",2024,12713.274,"Turkmenistan"
"TKM",2025,13656.608,"Turkmenistan"
"UKR",2012,3874.152,"Ukraine"
"UKR",2013,4051.42,"Ukraine"
"UKR",2014,3119.576,"Ukraine"
"UKR",2015,2134.773,"Ukraine"
"UKR",2016,2200.851,"Ukraine"
"UKR",2017,2654.483,"Ukraine"
"UKR",2018,3119.301,"Ukraine"
"UKR",2019,3693.498,"Ukraine"
"UKR",2020,3780.393,"Ukraine"
"UKR",2021,4875.094,"Ukraine"
"UKR",2022,4661.561,"Ukraine"
"UKR",2023,5241.316,"Ukraine"
"UKR",2024,5504.886,"Ukraine"
"UKR",2025,5758.992,"Ukraine"
"GBR",2012,42501.709,"United Kingdom"
"GBR",2013,43469.644,"United Kingdom"
"GBR",2014,47468.211,"United Kingdom"
"GBR",2015,44978.619,"United Kingdom"
"GBR",2016,41114.514,"United Kingdom"
"GBR",2017,40617.562,"United Kingdom"
"GBR",2018,43275.096,"United Kingdom"
"GBR",2019,42712.614,"United Kingdom"
"GBR",2020,40230.545,"United Kingdom"
"GBR",2021,46731.477,"United Kingdom"
"GBR",2022,46103.227,"United Kingdom"
"GBR",2023,49647.559,"United Kingdom"
"GBR",2024,52423.294,"United Kingdom"
"GBR",2025,54279.939,"United Kingdom"
"UZB",2012,2284.525,"Uzbekistan"
"UZB",2013,2440.258,"Uzbekistan"
"UZB",2014,2651.384,"Uzbekistan"
"UZB",2015,2761.29,"Uzbekistan"
"UZB",2016,2712.808,"Uzbekistan"
"UZB",2017,2170.054,"Uzbekistan"
"UZB",2018,1797.362,"Uzbekistan"
"UZB",2019,2023.534,"Uzbekistan"
"UZB",2020,1959.678,"Uzbekistan"
"UZB",2022,2555.187,"Uzbekistan"
"UZB",2023,2819.823,"Uzbekistan"
"UZB",2024,3050.82,"Uzbekistan"
"UZB",2025,3379.399,"Uzbekistan"
"BGD",2012,1057.884,"Bangladesh"
"BGD",2013,1176.16,"Bangladesh"
"BGD",2014,1340.289,"Bangladesh"
"BGD",2015,1495.538,"Bangladesh"
"BGD",2016,1679.021,"Bangladesh"
"BGD",2017,1839.755,"Bangladesh"
"BGD",2018,1991.739,"Bangladesh"
"BGD",2019,2154.227,"Bangladesh"
"BGD",2020,2270.348,"Bangladesh"
"BGD",2021,2497.741,"Bangladesh"
"BGD",2022,2730.846,"Bangladesh"
"BGD",2023,2651.738,"Bangladesh"
"BGD",2024,2624.532,"Bangladesh"
"BGD",2025,2773.499,"Bangladesh"
"BTN",2012,2825.188,"Bhutan"
"BTN",2013,2842.474,"Bhutan"
"BTN",2014,2760.16,"Bhutan"
"BTN",2016,3071.344,"Bhutan"
"BTN",2017,3344.035,"Bhutan"
"BTN",2018,3606.621,"Bhutan"
"BTN",2019,3547.477,"Bhutan"
"BTN",2020,3469.154,"Bhutan"
"BTN",2021,3486.101,"Bhutan"
"BTN",2022,3775.341,"Bhutan"
"BTN",2023,3790.136,"Bhutan"
"BTN",2024,4068.072,"Bhutan"
"BTN",2025,4495.129,"Bhutan"
"IND",2014,1559.864,"India"
"IND",2015,1590.174,"India"
"IND",2016,1714.28,"India"
"IND",2017,1957.97,"India"
"IND",2018,1974.378,"India"
"IND",2019,2050.163,"India"
"IND",2020,1915.552,"India"
"IND",2021,2250.179,"India"
"IND",2022,2366.31,"India"
"IND",2023,2497.188,"India"
"IND",2024,2697.563,"India"
"IND",2025,2936.823,"India"
"IDN",2012,3739.917,"Indonesia"
"IDN",2013,3667.435,"Indonesia"
"IDN",2014,3532.669,"Indonesia"
"IDN",2015,3373.489,"Indonesia"
"IDN",2016,3604.99,"Indonesia"
"IDN",2017,3885.967,"Indonesia"
"IDN",2018,3945.583,"Indonesia"
"IDN",2019,4192.768,"Indonesia"
"IDN",2020,3919.465,"Indonesia"
"IDN",2021,4351.304,"Indonesia"
"IDN",2022,4784.117,"Indonesia"
"IDN",2023,4919.949,"Indonesia"
"IDN",2024,4980.722,"Indonesia"
"IDN",2025,5247.591,"Indonesia"
"MDV",2012,8719.582,"Maldives"
"MDV",2013,9766.235,"Maldives"
"MDV",2014,10787.471,"Maldives"
"MDV",2015,11838.621,"Maldives"
"MDV",2016,12435.588,"Maldives"
"MDV",2017,13373.779,"Maldives"
"MDV",2018,14762.266,"Maldives"
"MDV",2019,15374.179,"Maldives"
"MDV",2020,9803.066,"Maldives"
"MDV",2021,13637.448,"Maldives"
"MDV",2022,15765.502,"Maldives"
"MDV",2023,16541.03,"Maldives"
"MDV",2024,17286.827,"Maldives"
"MDV",2025,18599.207,"Maldives"
"MMR",2012,1104.637,"Myanmar (Burma)"
"MMR",2013,1175.911,"Myanmar (Burma)"
"MMR",2014,1244.184,"Myanmar (Burma)"
"MMR",2017,1177.083,"Myanmar (Burma)"
"MMR",2018,1271.677,"Myanmar (Burma)"
"MMR",2019,1302.277,"Myanmar (Burma)"
"MMR",2020,1462.464,"Myanmar (Burma)"
"MMR",2021,1270.854,"Myanmar (Burma)"
"MMR",2022,1146.239,"Myanmar (Burma)"
"MMR",2023,1190.012,"Myanmar (Burma)"
"MMR",2024,1179.396,"Myanmar (Burma)"
"MMR",2025,1186.523,"Myanmar (Burma)"
"NPL",2012,794.093,"Nepal"
"NPL",2013,809.384,"Nepal"
"NPL",2014,827.394,"Nepal"
"NPL",2015,882.308,"Nepal"
"NPL",2016,880.225,"Nepal"
"NPL",2017,1027.965,"Nepal"
"NPL",2018,1161.534,"Nepal"
"NPL",2019,1185.682,"Nepal"
"NPL",2020,1139.192,"Nepal"
"NPL",2021,1229.474,"Nepal"
"NPL",2022,1348.157,"Nepal"
"NPL",2023,1316.147,"Nepal"
"NPL",2024,1381.053,"Nepal"
"NPL",2025,1486.461,"Nepal"
"LKA",2012,3446.355,"Sri Lanka"
"LKA",2013,3737.366,"Sri Lanka"
"LKA",2014,3969.713,"Sri Lanka"
"LKA",2015,4057.742,"Sri Lanka"
"LKA",2016,4150.367,"Sri Lanka"
"LKA",2017,4401.055,"Sri Lanka"
"LKA",2018,4360.149,"Sri Lanka"
"LKA",2019,4082.694,"Sri Lanka"
"LKA",2020,3846.175,"Sri Lanka"
"LKA",2021,3999.337,"Sri Lanka"
"LKA",2022,3330.376,"Sri Lanka"
"THA",2012,5860.884,"Thailand"
"THA",2013,6168.196,"Thailand"
"THA",2014,5952.033,"Thailand"
"THA",2015,5838.399,"Thailand"
"THA",2016,5994.949,"Thailand"
"THA",2017,6593.517,"Thailand"
"THA",2018,7296.037,"Thailand"
"THA",2019,7811.477,"Thailand"
"THA",2020,7170.503,"Thailand"
"THA",2021,7237.504,"Thailand"
"THA",2022,7072.418,"Thailand"
"THA",2023,7335.637,"Thailand"
"THA",2024,7527.382,"Thailand"
"THA",2025,7754.143,"Thailand"
"TLS",2012,1031,"Timor-Leste"
"TLS",2013,1213.652,"Timor-Leste"
"TLS",2014,1233.58,"Timor-Leste"
"TLS",2015,1332.672,"Timor-Leste"
"TLS",2016,1358.283,"Timor-Leste"
"TLS",2017,1309.352,"Timor-Leste"
"TLS",2018,1264.501,"Timor-Leste"
"TLS",2019,1611.123,"Timor-Leste"
"TLS",2020,1676.769,"Timor-Leste"
"TLS",2021,2764.355,"Timor-Leste"
"TLS",2022,2406.607,"Timor-Leste"
"TLS",2023,1760.628,"Timor-Leste"
"TLS",2024,1453.881,"Timor-Leste"
"TLS",2025,1532.855,"Timor-Leste"
"AUS",2012,68489.256,"Australia"
"AUS",2013,65247.836,"Australia"
"AUS",2014,61647.05,"Australia"
"AUS",2015,51468.795,"Australia"
"AUS",2016,51821.355,"Australia"
"AUS",2017,55845.011,"Australia"
"AUS",2018,56441.271,"Australia"
"AUS",2019,54391.307,"Australia"
"AUS",2020,53249.731,"Australia"
"AUS",2022,65513.824,"Australia"
"AUS",2023,64546.866,"Australia"
"AUS",2024,65965.622,"Australia"
"AUS",2025,67978.737,"Australia"
"BRN",2012,47776.368,"Brunei"
"BRN",2013,44865.244,"Brunei"
"BRN",2014,41947.487,"Brunei"
"BRN",2015,31353.779,"Brunei"
"BRN",2016,27321.997,"Brunei"
"BRN",2017,28443.168,"Brunei"
"BRN",2018,31074.01,"Brunei"
"BRN",2019,29865.278,"Brunei"
"BRN",2020,27174.73,"Brunei"
"BRN",2021,31781.303,"Brunei"
"BRN",2022,37452.922,"Brunei"
"BRN",2023,33576.739,"Brunei"
"BRN",2024,34871.7,"Brunei"
"BRN",2025,37023.382,"Brunei"
"KHM",2012,1241.402,"Cambodia"
"KHM",2013,1356.991,"Cambodia"
"KHM",2014,1485.892,"Cambodia"
"KHM",2015,1606.561,"Cambodia"
"KHM",2016,1735.785,"Cambodia"
"KHM",2017,1888.07,"Cambodia"
"KHM",2018,2097.235,"Cambodia"
"KHM",2019,2281.377,"Cambodia"
"KHM",2020,2136.009,"Cambodia"
"KHM",2021,2217.723,"Cambodia"
"KHM",2022,2365.226,"Cambodia"
"KHM",2023,2545.522,"Cambodia"
"KHM",2024,2743.991,"Cambodia"
"KHM",2025,2948.029,"Cambodia"
"CHN",2012,6282.709,"China"
"CHN",2013,7039.574,"China"
"CHN",2014,7645.875,"China"
"CHN",2015,8034.287,"China"
"CHN",2016,8063.446,"China"
"CHN",2017,8760.259,"China"
"CHN",2018,9848.949,"China"
"CHN",2019,10170.061,"China"
"CHN",2020,10525.001,"China"
"CHN",2021,12572.071,"China"
"CHN",2022,12642.847,"China"
"CHN",2023,12597.307,"China"
"CHN",2024,12968.567,"China"
"CHN",2025,13873.312,"China"
"FJI",2012,5022.15,"Fiji"
"FJI",2013,5277.41,"Fiji"
"FJI",2014,5622.351,"Fiji"
"FJI",2015,5397.131,"Fiji"
"FJI",2016,5658.236,"Fiji"
"FJI",2017,6049.889,"Fiji"
"FJI",2018,6269.882,"Fiji"
"FJI",2019,6079.485,"Fiji"
"FJI",2020,4920.014,"Fiji"
"FJI",2021,4750.073,"Fiji"
"FJI",2022,5450.487,"Fiji"
"FJI",2023,5933.167,"Fiji"
"FJI",2024,6256.634,"Fiji"
"FJI",2025,6550.83,"Fiji"
"JPN",2012,49175.035,"Japan"
"JPN",2013,40934.756,"Japan"
"JPN",2014,38522.771,"Japan"
"JPN",2015,35005.662,"Japan"
"JPN",2016,39411.424,"Japan"
"JPN",2017,38903.298,"Japan"
"JPN",2018,39850.331,"Japan"
"JPN",2019,40547.967,"Japan"
"JPN",2020,40160.067,"Japan"
"JPN",2021,40161.178,"Japan"
"JPN",2022,34158.343,"Japan"
"JPN",2023,33898.99,"Japan"
"JPN",2024,32859.112,"Japan"
"JPN",2025,35611.138,"Japan"
"KIR",2012,1956.664,"Kiribati"
"KIR",2013,1886.873,"Kiribati"
"KIR",2014,1845.476,"Kiribati"
"KIR",2015,1742.421,"Kiribati"
"KIR",2016,1845.78,"Kiribati"
"KIR",2017,1959.95,"Kiribati"
"KIR",2018,2022.227,"Kiribati"
"KIR",2019,1847.108,"Kiribati"
"KIR",2020,1874.17,"Kiribati"
"KIR",2021,2385.414,"Kiribati"
"KIR",2022,2199.422,"Kiribati"
"KIR",2023,2230.805,"Kiribati"
"KIR",2024,2455.051,"Kiribati"
"KIR",2025,2578.422,"Kiribati"
"LAO",2012,1566.197,"Laos"
"LAO",2013,1813.802,"Laos"
"LAO",2014,1982.523,"Laos"
"LAO",2015,2124.256,"Laos"
"LAO",2016,2307.838,"Laos"
"LAO",2017,2437.127,"Laos"
"LAO",2018,2551.83,"Laos"
"LAO",2019,2602.623,"Laos"
"LAO",2020,2528.997,"Laos"
"LAO",2021,2495.962,"Laos"
"LAO",2022,2022.383,"Laos"
"LAO",2023,1970.845,"Laos"
"LAO",2024,1945.131,"Laos"
"LAO",2025,1854.184,"Laos"
"MYS",2012,10806.823,"Malaysia"
"MYS",2013,10851.657,"Malaysia"
"MYS",2014,11165.249,"Malaysia"
"MYS",2015,9663.122,"Malaysia"
"MYS",2016,9523.316,"Malaysia"
"MYS",2017,9965.123,"Malaysia"
"MYS",2018,11079.617,"Malaysia"
"MYS",2019,11228.293,"Malaysia"
"MYS",2020,10400.219,"Malaysia"
"MYS",2021,11474.241,"Malaysia"
"MYS",2022,12483.329,"Malaysia"
"MYS",2023,12090.597,"Malaysia"
"MYS",2024,13142.345,"Malaysia"
"MYS",2025,14423.065,"Malaysia"
"MHL",2012,3437.541,"Marshall Islands"
"MHL",2013,3595.842,"Marshall Islands"
"MHL",2014,3651.958,"Marshall Islands"
"MHL",2015,3680.813,"Marshall Islands"
"MHL",2016,4143.728,"Marshall Islands"
"MHL",2017,4547.783,"Marshall Islands"
"MHL",2018,4850.533,"Marshall Islands"
"MHL",2019,5274.862,"Marshall Islands"
"MHL",2020,5502.426,"Marshall Islands"
"MHL",2021,6103.305,"Marshall Islands"
"MHL",2022,6118.995,"Marshall Islands"
"MHL",2023,6417.177,"Marshall Islands"
"MHL",2024,6850.231,"Marshall Islands"
"MHL",2025,7150.778,"Marshall Islands"
"MNG",2012,4281.33,"Mongolia"
"MNG",2013,4293.834,"Mongolia"
"MNG",2014,4081.015,"Mongolia"
"MNG",2015,3800.11,"Mongolia"
"MNG",2016,3575.095,"Mongolia"
"MNG",2017,3612.716,"Mongolia"
"MNG",2018,4078.182,"Mongolia"
"MNG",2019,4309.049,"Mongolia"
"MNG",2020,3965.097,"Mongolia"
"MNG",2021,4482.853,"Mongolia"
"MNG",2022,4959.141,"Mongolia"
"MNG",2023,5796.476,"Mongolia"
"MNG",2024,6665.645,"Mongolia"
"MNG",2025,7576.313,"Mongolia"
"NRU",2012,10005.183,"Nauru"
"NRU",2013,8975.704,"Nauru"
"NRU",2014,8630.426,"Nauru"
"NRU",2015,7090.709,"Nauru"
"NRU",2016,7825.366,"Nauru"
"NRU",2017,8550.692,"Nauru"
"NRU",2018,10582.207,"Nauru"
"NRU",2019,10567.406,"Nauru"
"NRU",2020,10346.097,"Nauru"
"NRU",2021,14303.427,"Nauru"
"NRU",2022,12521.601,"Nauru"
"NRU",2023,12078.308,"Nauru"
"NRU",2024,12285.096,"Nauru"
"NRU",2025,13475.957,"Nauru"
"NZL",2012,39683.612,"New Zealand"
"NZL",2013,42081.344,"New Zealand"
"NZL",2014,44284.679,"New Zealand"
"NZL",2015,38224.631,"New Zealand"
"NZL",2016,39415.045,"New Zealand"
"NZL",2017,42289.966,"New Zealand"
"NZL",2018,42757.406,"New Zealand"
"NZL",2019,42273.966,"New Zealand"
"NZL",2020,41343.891,"New Zealand"
"NZL",2021,48856.669,"New Zealand"
"NZL",2022,47327.941,"New Zealand"
"NZL",2023,47423.081,"New Zealand"
"NZL",2024,47072.425,"New Zealand"
"NZL",2025,48234.145,"New Zealand"
"PLW",2012,12320.351,"Palau"
"PLW",2013,12916.696,"Palau"
"PLW",2014,13954.244,"Palau"
"PLW",2015,16036.948,"Palau"
"PLW",2016,17181.122,"Palau"
"PLW",2017,16432.535,"Palau"
"PLW",2018,16341.359,"Palau"
"PLW",2019,15992.463,"Palau"
"PLW",2020,14697.164,"Palau"
"PLW",2021,13384.405,"Palau"
"PLW",2022,14517.463,"Palau"
"PLW",2023,16014.467,"Palau"
"PLW",2024,17977.678,"Palau"
"PLW",2025,20087.605,"Palau"
"PNG",2012,2796.515,"Papua New Guinea"
"PNG",2013,2659.914,"Papua New Guinea"
"PNG",2014,2766.349,"Papua New Guinea"
"PNG",2015,2466.511,"Papua New Guinea"
"PNG",2016,2245.439,"Papua New Guinea"
"PNG",2017,2343.574,"Papua New Guinea"
"PNG",2018,2366.847,"Papua New Guinea"
"PNG",2019,2314.745,"Papua New Guinea"
"PNG",2020,2124.796,"Papua New Guinea"
"PNG",2021,2216.458,"Papua New Guinea"
"PNG",2022,2627.783,"Papua New Guinea"
"PNG",2023,2518.04,"Papua New Guinea"
"PNG",2024,2543.653,"Papua New Guinea"
"PHL",2012,2721.252,"Philippines"
"PHL",2013,2903.189,"Philippines"
"PHL",2014,2995.504,"Philippines"
"PHL",2015,3039.234,"Philippines"
"PHL",2016,3107.646,"Philippines"
"PHL",2017,3153.314,"Philippines"
"PHL",2018,3279.519,"Philippines"
"PHL",2019,3512.195,"Philippines"
"PHL",2020,3312.739,"Philippines"
"PHL",2021,3580.009,"Philippines"
"PHL",2022,3644.792,"Philippines"
"PHL",2023,3906.229,"Philippines"
"PHL",2024,4153.593,"Philippines"
"PHL",2025,4438.704,"Philippines"
"WSM",2018,4390.958,"Samoa"
"WSM",2019,4472.223,"Samoa"
"WSM",2024,5048.032,"Samoa"
"SGP",2012,55547.546,"Singapore"
"SGP",2013,56967.426,"Singapore"
"SGP",2014,57564.802,"Singapore"
"SGP",2015,55645.607,"Singapore"
"SGP",2016,56899.903,"Singapore"
"SGP",2017,61162.097,"Singapore"
"SGP",2018,66840.654,"Singapore"
"SGP",2019,66081.704,"Singapore"
"SGP",2020,61466.819,"Singapore"
"SGP",2021,79601.393,"Singapore"
"SGP",2022,88428.724,"Singapore"
"SGP",2023,84734.277,"Singapore"
"SGP",2024,89369.715,"Singapore"
"SGP",2025,93956.009,"Singapore"
"SLB",2012,1977.725,"Solomon Islands"
"SLB",2013,2090.22,"Solomon Islands"
"SLB",2014,2116.109,"Solomon Islands"
"SLB",2015,2021.371,"Solomon Islands"
"SLB",2016,2080.758,"Solomon Islands"
"SLB",2017,2164.95,"Solomon Islands"
"SLB",2018,2325.003,"Solomon Islands"
"SLB",2019,2278.163,"Solomon Islands"
"SLB",2020,2118.582,"Solomon Islands"
"SLB",2021,2059.05,"Solomon Islands"
"SLB",2022,2077.115,"Solomon Islands"
"SLB",2023,2124.809,"Solomon Islands"
"SLB",2024,2208.925,"Solomon Islands"
"TON",2019,4434.799,"Tonga"
"TON",2023,5218.576,"Tonga"
"TUV",2012,3610.431,"Tuvalu"
"TUV",2013,3616.592,"Tuvalu"
"TUV",2014,3605.169,"Tuvalu"
"TUV",2015,3437.386,"Tuvalu"
"TUV",2016,3867.747,"Tuvalu"
"TUV",2017,4312.308,"Tuvalu"
"TUV",2018,4547.987,"Tuvalu"
"TUV",2019,5276.537,"Tuvalu"
"TUV",2020,5162.322,"Tuvalu"
"TUV",2021,6080.313,"Tuvalu"
"TUV",2022,6009.779,"Tuvalu"
"TUV",2023,6694.759,"Tuvalu"
"TUV",2024,7190.27,"Tuvalu"
"TUV",2025,7712.927,"Tuvalu"
"VUT",2014,2947.953,"Vanuatu"
"VUT",2015,2771.657,"Vanuatu"
"VUT",2016,2844.132,"Vanuatu"
"VNM",2012,2197.619,"Vietnam"
"VNM",2013,2369.973,"Vietnam"
"VNM",2014,2566.854,"Vietnam"
"VNM",2015,2581.907,"Vietnam"
"VNM",2016,2720.168,"Vietnam"
"VNM",2017,2957.899,"Vietnam"
"VNM",2018,3216.254,"Vietnam"
"VNM",2019,3439.102,"Vietnam"
"VNM",2020,3548.892,"Vietnam"
"VNM",2021,3756.885,"Vietnam"
"VNM",2022,4101.73,"Vietnam"
"VNM",2023,4324.049,"Vietnam"
"VNM",2024,4649.054,"Vietnam"
"VNM",2025,4985.933,"Vietnam"
